time_s,s_analytical_mm,s_numerical_mm,v_analytical_mm_s,v_numerical_mm_s,G_L_analytical_K_mm,G_L_numerical_K_mm,G_S_numerical_K_mm,G_L_from_Stefan_balance_K_mm,h_bar_W_m2K,h_i_W_m2K,liquid_model,T_analytical_3mm_C,T_analytical_10mm_C,T_analytical_15mm_C,T_analytical_30mm_C,T_analytical_50mm_C,T_analytical_90mm_C,T_numerical_3mm_C,T_numerical_10mm_C,T_numerical_15mm_C,T_numerical_30mm_C,T_numerical_50mm_C,T_numerical_90mm_C
0.250277,0.40329588,0.37319665,1.94735108,2.13230210,6.31325002,6.45019271,0.00000000,-23.75115073,4264.000000,inf,conduction,674.977415,690.314625,690.887786,690.900000,690.900000,690.900000,675.615446,690.475910,690.893690,690.900000,690.900000,690.900000
0.499984,0.89849444,0.88494459,1.99890713,2.11391359,4.65675305,4.99061769,0.00000000,-23.54632593,4264.000000,inf,conduction,669.337672,687.643172,690.489813,690.899984,690.900000,690.900000,669.961317,688.219305,690.613358,690.899995,690.900000,690.900000
0.750261,1.39825859,1.40818764,1.99077794,2.08224686,3.91794753,4.49747419,0.00000000,-23.19359862,4264.000000,inf,conduction,666.096415,684.705796,689.458916,690.898601,690.900000,690.900000,666.598723,685.610689,689.810432,690.899379,690.900000,690.900000
0.999969,1.89275540,1.92821019,1.96865805,2.05155081,3.47631917,4.24586447,8.97052308,-1.85474476,4264.000000,inf,conduction,663.781859,682.082696,688.096574,690.886381,690.900000,690.900000,664.120140,683.207542,688.696398,690.892964,690.900000,690.900000
1.250245,2.38220922,2.44308866,1.94230633,2.02154542,3.17258991,4.07304028,9.23897506,-0.89216805,4264.000000,inf,conduction,661.942396,679.787126,686.621057,690.844917,690.899996,690.900000,662.100079,681.046290,687.450439,690.868911,690.899999,690.900000
1.499953,2.86381499,2.94827802,1.91501694,1.99250317,2.94765340,3.87408651,9.58109572,0.23211389,4264.000000,inf,conduction,660.400678,677.774898,685.146504,690.757804,690.899952,690.900000,660.584449,679.101786,686.172677,690.814927,690.899984,690.900000
1.750230,3.33969284,3.44591310,1.88789174,1.96415912,2.77144569,3.64813840,9.88812222,1.26647519,4264.000000,inf,conduction,656.514414,675.981609,683.712662,690.615808,690.899715,690.900000,656.831549,677.324489,684.901194,690.722664,690.899896,690.900000
1.999937,3.80780823,3.93357493,1.86155821,1.93677066,2.62893793,3.37296869,9.92449290,1.65667937,4264.000000,inf,conduction,651.771842,674.371395,682.343881,690.418052,690.898912,690.900000,650.705423,675.688962,683.660926,690.589420,690.899566,690.900000
2.250214,4.27050626,4.41429652,1.83609952,1.91008796,2.50996694,3.08962074,10.03124233,2.20375505,4264.000000,inf,conduction,647.157195,672.903193,681.038739,690.166820,690.896877,690.900000,644.929734,674.161552,682.453678,690.415092,690.898670,690.900000
2.499922,4.72592688,4.88602261,1.81169665,1.88435330,2.40899672,2.79929885,10.25512293,3.01443489,4264.000000,inf,conduction,642.687638,671.558067,679.802093,689.868807,690.892704,690.900000,639.438956,672.728959,681.286784,690.203087,690.896723,690.900000
2.750198,5.17639598,5.35180794,1.78823860,1.86316141,2.32145652,2.53537899,10.56384662,3.97310273,4264.000000,inf,conduction,638.337530,670.310134,678.624715,689.529068,690.885282,690.900000,634.254827,671.369118,680.154151,689.956058,690.893094,690.900000
2.999906,5.62011198,5.80977290,1.76580106,1.83855666,2.24486586,2.29657208,11.00141054,5.27135657,4264.000000,inf,conduction,634.120832,669.149712,677.507458,689.155514,690.873494,690.900000,629.384267,670.076004,679.059036,689.679039,690.887095,690.900000
3.250183,6.05933332,6.26288594,1.74423661,1.80772635,2.17677999,2.09833862,11.53546349,6.86480332,4264.000000,inf,conduction,630.012407,668.059335,676.440557,688.752354,690.856167,690.900000,624.823599,668.834528,677.994106,689.374595,690.877973,690.900000
3.499891,6.49228771,6.70953516,1.72359270,1.78459946,2.11594966,1.93709244,12.19020177,8.65492687,4264.000000,inf,conduction,626.025154,667.034223,675.424389,688.326668,690.832369,690.900000,620.589547,667.643541,676.961772,689.047644,690.865068,690.900000
3.750167,6.92115959,7.15290391,1.70372359,1.76703781,2.06090419,1.82040236,12.86481075,10.42957135,4264.000000,inf,conduction,622.135359,666.061774,674.450173,687.881088,690.801129,690.899998,616.675470,666.493900,675.954776,688.699877,690.847676,690.900000
3.999875,7.34419813,7.59261847,1.68466939,1.74806494,2.01096739,1.75339872,13.37040276,11.82432373,4264.000000,inf,conduction,618.355467,665.139905,673.518574,687.421542,690.761899,690.899996,613.083187,665.393794,674.974804,688.335668,690.825315,690.899999
4.250151,7.76351752,8.03442157,1.66629543,1.72633030,1.96517592,1.77189255,12.87797323,10.91381037,4264.000000,inf,conduction,614.663318,664.258999,672.621957,686.949251,690.713979,690.899990,609.538494,664.365427,674.014514,687.955802,690.797412,690.899998
4.499859,8.17738652,8.48711377,1.64864049,1.70509361,1.92314828,2.99478613,7.77079198,-0.80381124,4264.000000,inf,conduction,611.071080,663.418525,671.761368,686.469148,690.657234,690.899978,605.492019,663.493802,673.077423,687.564115,690.763715,690.899994
4.750136,8.58785512,8.90002389,1.63158239,1.68845991,1.88421139,2.32342691,8.73583034,1.64029322,4264.000000,inf,conduction,607.558060,662.610800,670.930173,685.981387,690.591195,690.899956,601.597463,662.440985,672.159348,687.160651,690.723779,690.899988
4.999844,8.99321151,9.30863420,1.61516014,1.67281311,1.84814670,1.92872820,9.85089072,4.42455537,4264.000000,inf,conduction,604.136193,661.836218,670.129732,685.490140,690.516082,690.899916,597.993633,661.396712,671.264518,686.748816,690.677578,690.899976
5.250120,9.39544757,9.71629047,1.59926324,1.65320895,1.81445962,1.69716453,11.04866494,7.44650232,4264.000000,inf,conduction,600.786110,661.088416,669.354229,684.994802,690.431582,690.899851,594.640901,660.452896,670.390114,686.328096,690.624767,690.899955
5.499828,9.79287109,10.12319338,1.58393110,1.63252915,1.78302663,1.57765080,12.15996335,10.27802020,4264.000000,inf,conduction,597.519515,660.368349,668.605254,684.498984,690.338194,690.899747,591.460001,657.009484,669.542942,685.901576,690.565511,690.899922
5.750105,10.18742132,10.53683839,1.56906351,1.61583657,1.75346941,1.58928584,12.10549404,10.33646029,4264.000000,inf,conduction,594.318221,658.455608,667.877648,684.001559,690.235681,690.899590,588.152461,652.380514,668.714433,685.468330,690.499524,690.899869
5.999812,10.57742585,10.95803961,1.55470009,1.60032611,1.72572216,2.48525891,7.55057028,-0.15229763,4264.000000,inf,conduction,591.193694,655.260323,667.173155,683.505727,690.124752,690.899361,584.774097,652.682858,667.868151,685.031211,690.427131,690.899790
6.250089,10.96477608,11.34247385,1.54074951,1.57916630,1.69948585,1.88773705,8.86418626,3.15812340,4264.000000,inf,conduction,588.128796,652.111982,666.487147,683.010008,690.005188,690.899038,581.621786,647.924686,667.029283,684.589001,690.348066,690.899676
6.499797,11.34781940,11.72584737,1.52725132,1.56152870,1.67473084,1.59071031,10.32966909,6.78478003,4264.000000,inf,conduction,585.134745,649.023854,665.821466,682.517297,689.877847,690.898595,578.658272,643.568281,666.211512,684.144381,690.262782,690.899514
6.750073,11.72840352,12.11323925,1.51412188,1.55077152,1.65121432,1.46512644,11.64822964,9.99090250,4264.000000,inf,conduction,582.195343,645.980753,665.171916,682.025880,689.742488,690.898001,575.726653,639.991066,665.427321,683.695907,690.171008,690.899293
6.999781,12.10489554,12.51347514,1.50140038,1.54143234,1.62892975,1.57033854,10.39018944,7.15028567,4264.000000,inf,conduction,579.321553,642.995349,664.540398,681.538427,689.600076,690.897227,572.698624,638.548700,664.753661,683.246121,690.073299,690.898997
7.250058,12.47910304,12.90216878,1.48900981,1.52809454,1.60767552,2.01991394,7.79396175,1.22196731,4264.000000,inf,conduction,576.498016,640.052850,663.923069,681.053070,689.450320,690.896233,569.801235,635.013199,663.957403,682.793425,689.969359,690.898610
7.499765,12.84941258,13.26785636,1.47698883,1.51353535,1.58746005,1.58542254,9.37761637,5.09093426,4264.000000,inf,conduction,573.735439,637.165432,663.321860,680.572305,689.294259,690.894986,567.060168,631.253311,663.135849,682.340295,689.859822,690.898113
7.750042,13.21759471,13.63826582,1.46526620,1.50036886,1.56811276,1.40610481,10.95870402,8.93837987,4264.000000,inf,conduction,571.019221,634.318738,662.733225,680.094172,689.131540,690.893438,564.342276,628.215156,662.325292,681.885040,689.744359,690.897484
7.999750,13.58205516,14.02177022,1.45387988,1.48231119,1.54965184,1.45259624,10.63861029,8.39028915,4264.000000,inf,conduction,568.359809,631.524518,662.159101,679.621028,688.963253,690.891554,561.583719,626.349889,661.583556,681.430014,689.623667,690.896706
8.250026,13.94453015,14.40016142,1.44276366,1.46937124,1.53193062,1.92224356,7.52997239,1.25816147,4264.000000,inf,conduction,565.743288,628.768866,661.596193,679.150861,688.788974,690.889282,558.942711,622.922639,661.123373,680.973371,689.497373,690.895750
8.499734,14.30344418,14.75245768,1.43195470,1.46454685,1.51497364,1.48927355,9.24195814,5.31907456,4264.000000,inf,conduction,563.179850,626.063154,661.046433,678.685917,688.609830,690.886586,556.403744,619.761108,660.370488,680.517453,689.366229,690.894597
8.750011,14.66050150,15.11194069,1.42139123,1.45186363,1.49865305,1.33554613,10.86511127,9.25959807,4264.000000,inf,conduction,560.656202,623.393922,660.506736,678.224159,688.425327,690.883408,553.848781,617.309180,657.346463,680.060515,689.229815,690.893216
8.999718,15.01414499,15.50000000,1.41110954,1.43745395,1.48299747,1.27533354,6.24528296,-1.39334051,4264.000000,inf,conduction,558.182286,620.772203,659.896033,677.767743,688.236614,690.879716,551.326326,614.868996,656.751267,679.604809,689.088926,690.891587
9.249995,15.36604900,15.84359293,1.40105178,1.42576807,1.46789414,1.64925575,7.91017335,2.63376662,4264.000000,inf,conduction,555.745376,618.184973,657.317420,677.314625,688.043130,690.875448,548.905784,611.795825,653.335336,679.148250,688.943093,690.889677
9.500272,15.71546569,16.18786452,1.39123128,1.41453777,1.45334171,1.34590580,9.74920344,7.06340093,4264.000000,inf,conduction,553.349770,615.637202,654.772278,676.865870,687.845584,690.870563,546.513457,609.234546,649.186195,678.692041,688.792805,690.887459
9.749979,16.06166731,16.54446302,1.38165984,1.40681331,1.43933717,1.30377951,10.69133469,9.35464992,4264.000000,inf,conduction,550.999460,613.133532,652.265759,676.422487,687.644713,690.865031,544.124755,607.039209,646.491620,678.237709,688.638583,690.884913
10.000256,16.40628676,16.90901399,1.37228469,1.39922627,1.42578537,1.83261212,7.00773196,0.81710090,4264.000000,inf,conduction,548.682483,610.661566,649.785908,675.982450,687.439861,690.858782,541.817476,604.181572,645.446984,677.783207,688.479888,690.882000
10.249964,16.74781089,17.24072410,1.36313983,1.38351239,1.41271932,1.37467526,8.87856770,5.37112274,4264.000000,inf,conduction,546.408182,608.231588,647.343449,675.547741,687.232205,690.851801,539.557283,601.683420,641.701188,677.330212,688.317601,690.878704
10.500240,17.08784696,17.58351856,1.35417545,1.37344047,1.40005318,1.24764675,10.51258486,9.30798882,4264.000000,inf,conduction,544.165056,605.831599,644.926700,675.116355,687.021034,690.844015,537.292038,599.503554,639.045435,676.877025,688.151136,690.874982
10.749948,17.42489858,17.94830505,1.34542462,1.36874388,1.38782040,1.97285897,6.45430327,-0.13875191,4264.000000,inf,conduction,541.962217,603.471613,642.546090,674.690219,686.807529,690.835418,535.098763,596.895201,637.754303,676.426587,687.981401,690.870824
11.000225,17.76054880,18.27132755,1.33684021,1.35672593,1.37594294,1.38919996,8.32011147,4.36233433,4264.000000,inf,conduction,539.788590,601.140007,640.190213,674.267353,686.590930,690.825933,532.942121,594.508354,634.368861,675.976086,687.807766,690.866183
11.249932,18.09331753,18.60323243,1.32845435,1.34482922,1.36445426,1.21694861,10.16442589,8.81176034,4264.000000,inf,conduction,537.653067,598.846542,637.869221,673.849636,686.372418,690.815566,530.795997,592.369229,631.965545,675.526835,687.631162,690.861055
11.500209,18.42476487,18.96441883,1.32022233,1.33878315,1.35328297,2.01635063,6.16149800,-0.49038456,4264.000000,inf,conduction,535.544968,596.579955,635.571986,673.435119,686.151187,690.804236,528.701867,589.917954,630.325356,675.078809,687.450920,690.855388
11.749917,18.75342656,19.27871747,1.31217539,1.33162075,1.34246226,1.36939253,8.06133800,4.03627373,4264.000000,inf,conduction,533.472969,594.349763,633.308401,673.025635,685.928421,690.791962,526.646896,587.672538,627.289564,674.633832,687.267991,690.849183
12.000193,19.08084089,19.60421533,1.30427102,1.32184598,1.33192645,1.18836540,9.95710414,8.58249509,4264.000000,inf,conduction,531.426761,592.145043,631.067612,672.619265,685.703274,690.778656,524.598423,585.568210,625.180727,674.187290,687.081669,690.842387
12.249901,19.40555904,19.95705785,1.29653957,1.30978299,1.32170825,1.92914059,6.10273459,-0.30490455,4264.000000,inf,conduction,529.414811,589.975084,628.859268,672.217801,685.476927,690.764351,522.605979,583.250593,623.197965,673.743839,686.892922,690.835006
12.500178,19.72909852,20.26584526,1.28894053,1.30385590,1.31174692,1.31677127,8.04714741,4.31232377,4264.000000,inf,conduction,527.427154,587.829285,626.672782,671.819360,685.248498,690.748955,520.633686,581.134238,620.506177,673.303067,686.701009,690.826984
12.749886,20.05002548,20.58615778,1.28150341,1.29837475,1.30207457,1.16076240,9.89741820,8.70423040,4264.000000,inf,conduction,525.472057,585.716713,624.517574,671.425694,685.019169,690.732514,518.684166,579.060878,618.685950,672.861821,686.506917,690.818335
13.000162,20.36983765,20.92950672,1.27418953,1.28581382,1.29263476,1.75258707,6.23875983,0.28047039,4264.000000,inf,conduction,523.539877,583.627075,622.383316,671.034952,684.788027,690.714930,516.775361,576.872666,616.389848,672.421030,686.309871,690.808997
13.249870,20.68711572,21.23273047,1.26702759,1.28121464,1.28345891,1.24097105,8.27026923,5.08677093,4264.000000,inf,conduction,521.638689,581.569228,620.279209,670.648851,684.556248,690.696264,514.887241,574.874774,614.050988,671.987273,686.110873,690.798992
13.500146,21.00333851,21.55305062,1.25998059,1.27320420,1.27449439,1.14722093,9.77651377,8.70160252,4264.000000,inf,conduction,519.759150,579.533170,618.195179,670.265575,684.322895,690.676412,513.022092,572.812423,612.354888,671.549194,685.909118,690.788256
13.749854,21.31710085,21.88176419,1.25307641,1.26234868,1.26577185,1.53803118,6.57838552,1.33679052,4264.000000,inf,conduction,517.909150,577.527553,616.140217,669.886805,684.089141,690.655448,511.195725,570.776804,609.920352,671.113398,685.705622,690.776817
14.000131,21.62986347,22.18294912,1.24627964,1.26050837,1.25724203,1.16322581,8.68280406,6.28301609,4264.000000,inf,conduction,516.079630,575.542655,614.104494,669.510759,683.854025,690.633262,509.378949,568.848645,607.909912,670.685881,685.499552,690.764605
14.249839,21.94023493,22.51010068,1.23961738,1.25345585,1.24893478,1.22748259,8.25333625,5.35633445,4264.000000,inf,conduction,514.278300,573.586933,612.096802,669.139088,683.618716,690.609943,507.599757,566.836728,606.020990,670.251364,685.291937,690.751661
14.500115,22.24965864,22.81727306,1.23305567,1.24334684,1.24080385,1.34052143,7.10890955,2.79022298,4264.000000,inf,conduction,512.496369,571.650927,610.107546,668.770040,683.382235,690.585373,505.838585,564.928035,603.787973,669.819852,685.081919,690.737907
14.749823,22.55675652,23.11776296,1.22662085,1.23739691,1.23287829,1.10303885,9.20927784,7.77274432,4264.000000,inf,conduction,510.741373,569.742907,608.145328,668.405236,683.145743,690.559656,504.100342,563.033724,602.021641,669.402507,684.870537,690.723393
15.000100,22.86295531,23.44926156,1.22028031,1.23201007,1.22511453,1.75250197,5.76414689,-0.23113100,4264.000000,inf,conduction,509.004774,567.853665,606.200781,668.042957,682.908248,690.532667,502.389016,561.117548,599.910450,668.966290,684.656910,690.708037
15.249807,23.16688996,23.73661169,1.21405968,1.22366232,1.21754081,1.18242382,7.84652134,4.73598160,4264.000000,inf,conduction,507.293943,565.991291,604.282324,667.684795,682.670906,690.504523,500.696341,559.299058,597.983048,668.544013,684.442087,690.691897
15.500084,23.46997119,24.04392489,1.20792757,1.21810979,1.21011598,1.09565340,9.30559796,8.21303113,4264.000000,inf,conduction,505.600577,564.146817,602.380807,667.329063,682.432709,690.475091,499.026260,557.428721,596.179496,668.134649,684.225166,690.674886
15.749792,23.77084661,24.35466519,1.20190896,1.21363553,1.20286749,1.38641904,6.53696683,1.78244636,4264.000000,inf,conduction,503.931888,562.328157,600.504474,666.977324,682.194809,690.444502,497.380665,555.634005,594.139631,667.695994,684.007207,690.657071
16.000068,24.07091154,24.64435721,1.19597361,1.20343403,1.19575637,1.08035263,8.70903767,6.98015607,4264.000000,inf,conduction,502.279800,560.526571,598.644387,666.627921,681.956188,690.412617,495.748995,553.846171,592.408789,667.288097,683.787286,690.638359
16.249776,24.36882590,24.96904979,1.19014582,1.19883046,1.18880929,1.80168111,5.43640855,-0.62867584,4264.000000,inf,conduction,500.651367,558.749808,596.808620,666.282392,681.717990,690.379578,494.146414,552.062570,590.455043,666.873067,683.566471,690.618826
16.500053,24.66597018,25.24783141,1.18439645,1.19132430,1.18198926,1.16213558,7.51652533,4.32377803,4264.000000,inf,conduction,499.038731,556.989345,594.988437,665.939110,681.479188,690.345238,492.554725,550.336646,588.663646,666.440322,683.343822,690.598375
16.749760,24.96101627,25.54567977,1.17874916,1.18521316,1.17532219,1.06168980,9.09258517,8.08086757,4264.000000,inf,conduction,497.448794,555.252769,593.191749,665.599585,681.240922,690.309754,490.990024,548.588221,586.888257,666.065261,683.120411,690.577090
17.000037,25.25533036,25.84905563,1.17317584,1.18236402,1.16877290,1.33340189,6.41678461,1.84946586,4264.000000,inf,conduction,495.873901,553.531765,591.410017,665.262222,681.002158,690.272968,489.438712,546.897069,585.038535,665.619557,682.895288,690.554867
17.249745,25.54759601,26.13113489,1.16769953,1.17376524,1.16236656,1.04371599,8.61769715,7.09683185,4264.000000,inf,conduction,494.320811,551.833766,589.650993,664.928504,680.764027,690.235052,487.909134,545.204694,583.367226,665.209757,682.669528,690.531800
17.500021,25.83916561,26.44627513,1.16229306,1.17099709,1.15606963,1.64117841,5.48248739,-0.21079241,4264.000000,inf,conduction,492.782063,550.150654,587.906327,664.596864,680.525491,690.195838,486.396168,543.535592,581.529385,664.831254,682.442161,690.507778
17.749729,26.12873409,26.71817701,1.15697889,1.16526350,1.14990659,1.09567186,7.63769639,4.89768263,4264.000000,inf,conduction,491.264276,548.489712,586.183620,664.268763,680.287675,690.155510,484.901250,541.897762,579.871536,664.378914,682.214280,690.482906
18.000006,26.41764046,27.01748782,1.15173076,1.15599666,1.14384539,1.08213691,8.22992926,6.38711890,4264.000000,inf,conduction,489.760173,546.843013,584.474702,663.942660,680.049537,690.113893,483.423614,540.254156,578.119057,664.053245,681.984888,690.457066
18.250282,26.70524293,27.30349298,1.14655889,1.15197788,1.13789642,1.20361568,6.69276559,2.83390651,4264.000000,inf,conduction,488.272878,545.214012,582.783203,663.619260,679.811656,690.071083,481.959965,538.654928,576.444371,663.586816,681.754568,690.430310
18.499990,26.99091107,27.58384869,1.14147288,1.14571184,1.13206924,1.00706038,8.77981229,7.78876762,4264.000000,inf,conduction,486.805373,543.606012,581.112601,663.299247,679.574606,690.027192,480.518361,537.050409,574.790972,663.166672,681.523886,690.402698
18.750267,27.27596466,27.88423706,1.13644771,1.14163358,1.12633385,1.37688917,5.87621132,1.03785358,4264.000000,inf,conduction,485.350641,542.011358,579.454987,662.981118,679.337340,689.982029,479.088529,535.483313,573.106527,662.832511,681.291836,690.374102
18.999974,27.55912586,28.15378646,1.13150446,1.13785418,1.12071305,1.01634271,8.11654868,6.32381784,4264.000000,inf,conduction,483.914975,540.436977,577.817604,662.666278,679.100968,689.935808,477.677974,533.919909,571.517788,662.347652,681.059535,690.344651
19.250251,27.84170214,28.46046622,1.12661890,1.13019760,1.11517810,1.64807489,5.18119635,-0.46155731,4264.000000,inf,conduction,482.491522,538.875385,576.192707,662.353251,678.864442,689.888329,476.280462,532.379580,569.850525,662.111291,680.825942,690.314208
19.499959,28.12242604,28.72200784,1.12181159,1.12625777,1.10975116,1.06077881,7.34749858,4.65290295,4264.000000,inf,conduction,481.086451,537.333377,574.587405,662.043421,678.628864,689.839819,474.900038,530.856640,568.295219,661.582776,680.592190,690.282910
19.750235,28.40259314,29.01334615,1.11705904,1.12257918,1.10440464,1.06002549,7.73954835,5.61153275,4264.000000,inf,conduction,479.693066,535.803633,572.994111,661.735335,678.393187,689.790069,473.533110,529.342630,566.669906,661.164081,680.357234,690.250616
19.999943,28.68094612,29.28688560,1.11238132,1.11833468,1.09916009,1.13462284,6.63438729,3.07200550,4264.000000,inf,conduction,478.317416,534.292819,571.419805,661.430356,678.158505,689.739316,472.182092,527.856132,565.132873,660.859287,680.122184,690.217472
20.250220,28.95876897,29.56197567,1.10775562,1.11455861,1.09399098,0.97638100,8.58347045,7.67620590,4264.000000,inf,conduction,476.952957,532.793771,569.857054,661.127057,677.923772,689.687341,470.844119,526.370354,563.558536,660.335887,679.886031,690.183328
20.499927,29.23481430,29.84770831,1.10320153,1.10755072,1.08891830,1.23874931,6.00831815,1.72671070,4264.000000,inf,conduction,475.605621,531.313032,568.312709,660.826778,677.690076,689.634394,469.521686,524.916062,562.034856,660.249169,679.649835,690.148339
20.750204,29.51035488,30.11284009,1.09869691,1.10363434,1.08391651,0.96581154,8.23918459,6.99203254,4264.000000,inf,conduction,474.269009,529.843590,566.779488,660.528118,677.456371,689.580245,468.211313,523.460201,560.510059,657.990622,679.412626,690.112349
20.999912,29.78415298,30.40413073,1.09426090,1.09665045,1.07900603,1.37774613,5.46875586,0.58519435,4264.000000,inf,conduction,472.948942,528.391866,565.264118,660.232396,677.223738,689.525154,466.916499,522.034826,559.000782,658.314864,679.175439,690.075521
21.250188,30.05747046,30.66183316,1.08987197,1.09263961,1.07416225,0.97760091,7.72198058,5.90390151,4264.000000,inf,conduction,471.639158,526.950994,563.759459,659.675392,676.991136,689.468884,465.632624,520.609462,557.518105,654.654548,678.937293,690.037692
21.499896,30.32907906,30.95598332,1.08554883,1.08730758,1.06940507,1.55979264,5.00704202,-0.39145272,4264.000000,inf,conduction,470.345369,525.527278,562.272122,658.144319,676.759635,689.411704,464.364383,519.210823,556.028406,655.161014,678.699270,689.999034
21.750173,30.60023000,31.20766106,1.08127055,1.08400092,1.06471073,1.00307455,7.20448511,4.78884500,4264.000000,inf,conduction,469.061446,524.113992,560.795104,656.620859,676.528198,689.353367,463.106068,517.815436,554.580096,651.808535,678.460297,689.959376
21.999881,30.86970429,31.50000000,1.07705540,1.08010013,1.06009861,0.66542487,4.66345429,-1.11539266,4264.000000,inf,conduction,467.792998,522.717327,559.334900,655.111829,676.297890,689.294153,461.863346,516.442311,553.114976,652.072096,678.221572,689.918900
22.250157,31.13874283,31.74974882,1.07288302,1.07450255,1.05554579,1.03834967,6.73262994,3.79019267,4264.000000,inf,conduction,466.534023,521.330693,557.884642,653.610249,676.067674,689.233806,460.629746,515.075713,551.695476,648.925017,677.981890,689.877427
22.499865,31.40613564,32.02290226,1.06877126,1.07069651,1.05107114,0.97497115,7.87546376,6.50757180,4264.000000,inf,conduction,465.290028,519.960170,556.450713,652.122836,675.838609,689.172614,459.411530,513.727460,550.257783,647.599587,677.742570,689.835147
22.750141,31.67311359,32.28781475,1.06470033,1.06499812,1.04665250,1.08081717,6.31772259,2.92490326,4264.000000,inf,conduction,464.055133,518.599298,555.026372,650.642708,675.609662,689.110313,458.201840,512.388241,548.863682,646.028858,677.502312,689.791873
22.999849,31.93847554,32.55113547,1.06068767,1.06118250,1.04230826,0.93316391,8.20467637,7.38412035,4264.000000,inf,conduction,462.834747,517.254051,553.617895,649.176487,675.381885,689.047200,457.007187,511.064427,547.454342,644.311618,677.262476,689.747806
23.250126,32.20344257,32.82172317,1.05671398,1.05654193,1.03801700,1.12821141,5.95973278,2.18116227,4264.000000,inf,conduction,461.623110,515.918095,552.218668,647.717386,675.154249,688.983003,455.820622,509.751210,546.083710,643.135463,677.021783,689.702750
23.499834,32.46682216,33.07797914,1.05279635,1.05310866,1.03379665,0.91681483,8.10786645,7.24745373,4264.000000,inf,conduction,460.425533,514.597300,550.834858,646.271932,674.927798,688.918028,454.648660,508.451411,544.702428,641.301261,676.781492,689.656914
23.750110,32.72982590,33.35141768,1.04891598,1.04926307,1.02962645,1.17820515,5.65492639,1.54879164,4264.000000,inf,conduction,459.236371,513.285453,549.459974,644.833435,674.701508,688.851994,453.484453,507.162959,543.354220,640.255056,676.540497,689.610095
23.999818,32.99126970,33.60211587,1.04508956,1.04638014,1.02552390,0.90979328,7.90305926,6.84301702,4264.000000,inf,conduction,458.060842,511.988324,548.100081,643.408329,674.476415,688.785215,452.334377,505.886678,542.000035,638.402508,676.299813,689.562511
24.250095,33.25235586,33.87689175,1.04129877,1.04330015,1.02146889,1.22825525,5.39860161,1.01524207,4264.000000,inf,conduction,456.893411,510.699818,546.748803,641.990016,674.251501,688.717401,451.191783,504.621909,540.673711,637.394796,676.058632,689.513951
24.499802,33.51190856,34.12301128,1.03755995,1.04049129,1.01747848,0.90709644,7.68033112,6.38728076,4264.000000,inf,conduction,455.739206,509.425606,545.412107,640.584842,674.027794,688.648875,450.062842,503.368580,539.345377,635.569183,675.817629,689.464640
24.750079,33.77112103,34.39816848,1.03385523,1.03787988,1.01353318,1.27554037,5.18618556,0.57842341,4264.000000,inf,conduction,454.592798,508.159706,544.083730,639.186300,673.804282,688.579340,448.941142,502.126549,538.040635,634.559856,675.576350,689.414361
24.999787,34.02882557,34.64041737,1.03020062,1.03259803,1.00964964,0.90622185,7.47271824,5.98925067,4264.000000,inf,conduction,453.459229,506.907697,542.769543,637.800647,673.581984,688.509127,447.832632,500.895554,536.736857,632.785042,675.335118,689.363347
25.250063,34.28620657,34.91529243,1.02657865,1.02935225,1.00580894,1.31707588,5.01358380,0.26940857,4264.000000,inf,conduction,452.333169,505.663704,541.463392,636.421468,673.359893,688.437928,446.731135,499.675427,535.453465,631.754110,675.093800,689.311373
25.499771,34.54210423,35.15422012,1.02300502,1.02497345,1.00202734,0.90558185,7.29342632,5.65451751,4264.000000,inf,conduction,451.219578,504.433214,540.171053,635.054932,673.139022,688.366083,445.642390,498.466123,534.173033,630.043731,674.852450,689.258681
25.750048,34.79769433,35.42832137,1.01946267,1.02149560,0.99828646,1.34991524,4.87731532,0.03796361,4264.000000,inf,conduction,450.113225,503.210458,538.886479,633.694715,672.918370,688.293279,444.560438,497.267146,532.910723,628.980502,674.611127,689.205038
25.999755,35.05182484,35.66438166,1.01596697,1.01739179,0.99460219,0.90411768,7.14750617,5.39741826,4264.000000,inf,conduction,449.018986,502.000834,537.615357,632.346900,672.698943,688.219860,443.490826,496.078890,531.652563,627.342744,674.369779,689.150693
26.250032,35.30566311,35.93732366,1.01250127,1.01380706,0.99095666,1.37148055,4.77449253,-0.11706895,4264.000000,inf,conduction,447.931725,500.798676,536.351741,631.005249,672.479743,688.145506,442.427789,494.900366,530.410995,626.241328,674.128469,689.095406
26.499740,35.55806470,36.17091046,1.00908062,1.00989005,0.98736541,0.90113476,7.03643024,5.22098721,4264.000000,inf,conduction,446.856240,499.609295,535.101228,629.675765,672.261770,688.070569,441.376708,493.732526,529.174175,624.681070,673.887246,689.039435
26.750016,35.81018874,36.44237524,1.00568875,1.00625722,0.98381105,1.37990550,4.70278603,-0.20081376,4264.000000,inf,conduction,445.787487,498.427123,533.857974,628.352294,672.044033,687.994722,440.331989,492.573805,527.952935,623.538400,673.645957,688.982533
26.999724,36.06089825,36.67384560,1.00234042,1.00250150,0.98030877,0.89623700,6.96004650,5.12449799,4264.000000,inf,conduction,444.730185,497.257387,532.627488,627.040758,671.827524,687.918323,439.298862,491.425771,526.736657,622.058193,673.404978,688.924963
27.250001,36.31134431,36.94355754,0.99901971,0.99770891,0.97684165,1.37431593,4.66037771,-0.20485976,4264.000000,inf,conduction,443.679381,496.094615,531.404024,625.735087,671.611257,687.841037,438.271893,490.286237,525.535259,620.873148,673.163716,688.866472
27.500277,36.56096362,37.17383038,0.99573367,0.99522556,0.97341680,0.88965337,6.91204103,5.09317841,4264.000000,inf,conduction,442.637358,494.941343,530.190260,624.438187,671.395729,687.763051,437.253864,489.154862,524.336148,619.469746,672.922550,688.807196
27.749985,36.80920025,37.44095654,0.99248903,0.99159310,0.97004097,1.35496735,4.64590850,-0.17060489,4264.000000,inf,conduction,441.606325,493.800021,528.988786,623.152883,671.181428,687.684558,436.246407,488.036488,523.156743,618.246707,672.681863,688.747280
28.000262,37.05719355,37.66977724,0.98927041,0.98814216,0.96669791,0.88077679,6.90191764,5.14838309,4264.000000,inf,conduction,440.581457,492.665316,527.793996,621.873229,670.967377,687.605214,435.245292,486.923814,521.976963,616.922627,672.441158,688.686459
28.249969,37.30382453,37.93466234,0.98609184,0.98451543,0.96340197,1.32318649,4.65843333,-0.06245222,4264.000000,inf,conduction,439.567287,491.542255,526.611193,620.604952,670.754551,687.525393,434.254488,485.823436,520.816217,615.659959,672.200508,688.625015
28.500246,37.55022493,38.16237054,0.98293828,0.98124684,0.96013733,0.87031235,6.92244220,5.27322919,4264.000000,inf,conduction,438.559073,490.425591,525.434862,619.342184,670.541979,687.444743,433.269779,484.728923,519.655288,614.411556,671.960360,688.562677
28.749954,37.79528272,38.42476921,0.97982351,0.97761764,0.95691803,1.28113620,4.69738167,0.10554527,4264.000000,inf,conduction,437.561278,489.320276,524.270225,618.090579,670.330629,687.363644,432.295138,483.646012,518.512569,613.113562,671.719756,688.499735
29.000230,38.04012219,38.65172654,0.97673279,0.97456558,0.95372863,0.85878762,6.97122919,5.46184376,4264.000000,inf,conduction,436.569239,488.221149,523.111856,616.844346,670.119538,687.281740,431.326350,482.569135,517.370082,611.934279,671.480250,688.435909
29.249938,38.28363813,38.91137480,0.97367964,0.97089567,0.95058290,1.23146509,4.76253576,0.33292298,4264.000000,inf,conduction,435.587350,487.133086,521.964899,615.609066,669.909663,687.199415,430.367403,481.503193,516.244740,610.607927,671.239705,688.371498
29.500215,38.52694755,39.13798398,0.97064964,0.96812780,0.94746576,0.84690610,7.04467367,5.70546100,4264.000000,inf,conduction,434.611027,486.051012,520.824013,614.379026,669.700049,687.116306,429.414070,480.443438,515.120337,609.487473,671.000915,688.306215
29.749922,38.76895194,39.39458103,0.96765605,0.96425385,0.94439069,1.17695934,4.85399463,0.62097850,4264.000000,inf,conduction,433.644596,484.979728,519.694269,613.159733,669.491648,687.032804,428.470368,479.394003,514.011724,608.143201,670.760449,688.240364
30.000199,39.01076117,39.62131159,0.96468474,0.96205282,0.94134299,0.83554371,7.13675053,5.98864920,4264.000000,inf,conduction,432.683548,483.914241,518.570408,611.945549,669.283509,686.948539,427.532047,478.350862,512.905064,607.066622,670.522424,688.173653
30.249907,39.25128328,39.87449452,0.96174873,0.95845712,0.93833585,1.12025018,4.97214319,0.96209230,4264.000000,inf,conduction,431.732145,482.859282,517.457426,610.741913,669.076578,686.863908,426.603158,477.317507,511.812573,605.719198,670.282077,688.106392
30.500183,39.49162117,40.10192636,0.95883419,0.95663672,0.93535492,0.82583361,7.23634893,6.28210359,4264.000000,inf,conduction,430.785950,481.809935,516.350146,609.543260,668.869910,686.778535,425.679424,476.290475,510.723297,604.666381,670.044824,688.038283
30.749891,39.73068933,40.35122935,0.95595390,0.95489732,0.93241312,1.06364012,5.11758103,1.34216440,4264.000000,inf,conduction,429.849163,480.770863,515.253495,608.354958,668.664443,686.692821,424.764932,475.272808,509.646395,603.335315,669.804690,687.969642
31.000168,39.96958380,40.58012283,0.95309429,0.95257618,0.92949643,0.81933337,7.32121739,6.52598102,4264.000000,inf,conduction,428.917415,479.737227,514.162370,607.171515,668.459239,686.606386,423.855381,474.261386,508.574089,602.282092,669.568126,687.900165
31.249876,40.20722542,40.82490765,0.95026792,0.95041545,0.92661753,1.00900951,5.29104797,1.79811382,4264.000000,inf,conduction,427.994846,478.713622,513.081631,605.998233,668.255231,686.519635,422.954886,473.259045,507.512355,600.990350,669.328392,687.830174
31.500152,40.44470349,41.05634801,0.94746148,0.94762695,0.92376270,0.81871080,7.34080105,6.62694787,4264.000000,inf,conduction,427.077157,477.695284,512.006252,604.829690,668.051486,686.432184,422.059133,472.262743,506.456521,599.913694,669.092286,687.759359
31.749860,40.68094509,41.29566337,0.94468732,0.94512754,0.92094437,0.95783049,5.49323693,2.33026988,4264.000000,inf,conduction,426.168426,476.686742,510.941023,603.671121,667.848929,686.344441,421.172245,471.275386,505.409668,598.682302,668.853302,687.688048
32.000137,40.91703293,41.53141809,0.94193239,0.94189586,0.91814914,0.83080726,7.15230225,6.24957354,4264.000000,inf,conduction,425.264421,475.683305,509.880994,602.517173,667.646635,686.256016,420.289924,470.293733,504.369712,597.570514,668.617237,687.615924
32.249844,41.15190020,41.76364952,0.93920881,0.93917720,0.91538918,0.91124753,5.72441013,2.93764692,4264.000000,inf,conduction,424.369161,474.689438,508.830887,601.373019,667.445522,686.167323,419.416268,469.321020,503.337577,596.408131,668.379581,687.543322
32.500121,41.38662316,42.00752875,0.93650378,0.93546854,0.91265140,0.89561494,6.08800476,3.83000782,4264.000000,inf,conduction,423.478481,473.700519,507.785827,600.233371,667.244670,686.077968,418.547030,468.353583,502.312824,595.265112,668.143017,687.469919
32.749829,41.62014100,42.22904508,0.93382921,0.93273609,0.90994774,0.87016657,5.98369194,3.61628314,4264.000000,inf,conduction,422.596342,472.720951,506.750470,599.103339,667.044991,685.988368,417.686243,467.395163,501.295337,594.163482,667.907427,687.396056
33.000105,41.85352364,42.48235494,0.93117255,0.92775865,0.90726537,1.42933186,4.06605485,-0.81680969,4264.000000,inf,conduction,421.718640,471.746182,505.720009,597.977702,666.845573,685.898124,416.829753,466.441556,500.285078,593.000251,667.669699,687.321404
33.249813,42.08571618,42.69207385,0.92854551,0.92575732,0.90461601,0.83541992,6.26742573,4.35814197,4264.000000,inf,conduction,420.849282,470.780553,504.699041,596.861508,666.647320,685.807656,415.981489,465.497054,499.282185,591.942710,667.437126,687.246309
33.500090,42.31778232,42.94143900,0.92593576,0.92425904,0.90198713,1.25897359,4.30705069,-0.21373926,4264.000000,inf,conduction,419.984225,469.819579,503.682826,595.749602,666.449326,685.716563,415.137420,464.556945,498.285757,590.774662,667.197326,687.170436
33.749797,42.54867296,43.15303379,0.92335481,0.92137496,0.89939020,0.80795728,6.56548358,5.10460775,4264.000000,inf,conduction,419.127322,468.867542,502.675898,594.646969,666.252488,685.625268,414.301351,463.625963,497.297330,589.739645,666.969065,687.094139
34.000074,42.77944569,43.39791176,0.92079056,0.91932164,0.89681295,1.12409428,4.57845565,0.47652371,4264.000000,inf,conduction,418.274591,467.920021,501.673586,593.548518,666.055907,685.533364,413.469384,462.699069,496.314212,588.586285,666.725961,687.017075
34.249782,43.00905714,43.61236317,0.91825434,0.91575534,0.89426666,0.78924768,6.85151338,5.83670153,4264.000000,inf,conduction,417.429830,466.981241,500.680363,592.459176,665.860475,685.441279,412.645198,461.781195,495.339975,587.550354,666.503729,686.939604
34.500058,43.23855889,43.85192715,0.91573425,0.91370823,0.89173930,1.01687779,4.88257299,1.25088508,4264.000000,inf,conduction,416.589115,466.046843,499.691623,591.373914,665.665297,685.348603,411.825021,460.867262,494.369847,586.432079,666.255716,686.861378
34.749766,43.46691317,44.07080705,0.91324144,0.90958759,0.88924195,0.78247790,7.05137997,6.37322218,4264.000000,inf,conduction,415.756192,465.120996,498.711781,590.297599,665.471258,685.255766,411.012425,459.962092,493.409351,585.378535,666.041411,686.782761
35.000043,43.69516568,44.30366811,0.91076423,0.90826039,0.88676281,0.93187466,5.22112921,2.10401195,4264.000000,inf,conduction,414.927196,464.199404,497.736293,589.225265,665.277471,685.162354,410.203731,459.060867,492.452089,584.307792,665.786805,686.703402
35.249750,43.92228418,44.53000794,0.90831358,0.90317268,0.88431277,0.79943890,6.88631811,6.05832258,4264.000000,inf,conduction,414.105821,463.286179,496.769518,588.161722,665.084815,685.068800,409.402446,458.168035,491.504749,583.236667,665.580126,686.623668
35.500027,44.14930859,44.75336442,0.90587801,0.90330222,0.88188027,0.86537649,5.59398948,3.03197850,4264.000000,inf,conduction,413.288256,462.377084,495.806974,587.102062,664.892409,684.974686,408.604940,457.279239,490.560346,582.207946,665.319615,686.543203
35.749735,44.37521209,44.99919949,0.90346830,0.90213449,0.87947600,1.46494736,3.83327671,-1.07624320,4264.000000,inf,conduction,412.478148,461.476179,494.852962,586.051041,664.701124,684.880450,407.814696,456.398435,489.625543,581.131368,665.112634,686.462379
36.000011,44.60102891,45.20132700,0.90107319,0.89978391,0.87708862,0.81508940,5.99598334,4.01209872,4264.000000,inf,conduction,411.671738,460.579287,493.903063,585.003808,664.510086,684.785671,407.028095,455.521748,488.693970,580.126570,664.854879,686.380837
36.249719,44.82573759,45.44272552,0.89870327,0.89822115,0.87472864,1.22390709,4.16290237,-0.26111220,4264.000000,inf,conduction,410.872624,459.690412,492.961523,583.965064,664.320160,684.690786,406.248627,454.652723,487.771184,579.060666,664.643585,686.298952
36.499996,45.05036677,45.64802036,0.89634748,0.89374321,0.87238495,0.78012681,6.40830939,5.04449930,4264.000000,inf,conduction,410.077102,458.805435,492.023980,582.930017,664.130478,684.595373,405.472666,453.787798,486.852266,578.059717,664.394078,686.216359
36.750272,45.27440877,45.88472311,0.89401096,0.89271360,0.87006259,1.05826881,4.52690382,0.65223832,4264.000000,inf,conduction,409.286932,457.926318,491.092517,581.900981,663.941470,684.499654,404.701964,452.928393,485.939119,577.018467,664.174271,686.133250
36.999980,45.49736117,46.09424323,0.89169869,0.88806329,0.86776645,0.76173888,6.77056445,5.95568210,4264.000000,inf,conduction,408.503830,457.054971,490.169162,580.880217,663.753560,684.403857,403.938140,452.076828,485.034548,576.010239,663.940584,686.049823
37.250257,45.72024441,46.32428464,0.88939986,0.88620718,0.86548573,0.93882743,4.93584514,1.68190398,4264.000000,inf,conduction,407.724164,456.187358,489.249640,579.863016,663.565890,684.307553,403.177714,451.228805,484.133037,575.004719,663.705547,685.965705
37.499964,45.94205003,46.54175523,0.88712468,0.88180971,0.86323048,0.76842692,6.84530876,6.20029007,4264.000000,inf,conduction,406.951419,455.327357,488.338064,578.853947,663.379308,684.211186,402.424020,450.388316,483.240205,573.988542,663.503633,685.881284
37.750241,46.16379310,46.76225592,0.88486253,0.88046657,0.86099010,0.85313690,5.38652344,2.80073153,4264.000000,inf,conduction,406.182013,454.470985,487.430217,577.848357,663.192963,684.114326,401.673618,449.551430,482.350331,573.011433,663.237195,685.796182
37.999949,46.38447022,47.00000000,0.88262343,0.87837193,0.85877448,0.66485098,3.71742177,-1.08273528,4264.000000,inf,conduction,405.419385,453.622071,486.530160,576.850760,663.007697,684.017420,400.929825,448.721767,481.468719,571.999540,663.080712,685.710793
38.250225,46.60509122,47.19904715,0.88039696,0.87838305,0.85657323,0.79339838,5.87152468,3.95916195,4264.000000,inf,conduction,404.660002,452.776686,485.633730,575.856559,662.822663,683.920034,400.189208,447.895729,480.590415,571.033918,662.769749,685.624734
38.499933,46.82465765,47.43430597,0.87819299,0.87700045,0.85439604,1.16787952,4.11470414,-0.13755601,4264.000000,inf,conduction,403.907259,451.938611,484.744939,574.870218,662.638700,683.822617,399.455086,447.076693,479.719654,570.040208,662.611031,685.538403
38.750210,47.04417416,47.63533572,0.87600124,0.87284332,0.85223272,0.75619764,6.35902627,5.16194267,4264.000000,inf,conduction,403.157671,451.103966,483.859678,573.887190,662.454966,683.724733,398.724032,446.261196,478.852667,569.072091,662.304692,685.451412
38.999918,47.26264722,47.86462536,0.87383146,0.87134219,0.85009281,0.99128026,4.55621125,0.95888754,4264.000000,inf,conduction,402.414589,450.276487,482.981908,572.911893,662.272293,683.626834,397.999353,445.452607,477.992606,568.105857,662.139667,685.364164
39.250194,47.48107639,48.07247280,0.87167353,0.86750809,0.84796630,0.74341374,6.72575287,6.07975243,4264.000000,inf,conduction,401.674574,449.452346,482.107573,571.939831,662.089845,683.528480,397.277651,444.647365,477.136516,567.133258,661.846930,685.276268
39.499902,47.69847295,48.29359913,0.86953704,0.86589863,0.84586257,0.87374886,5.04722705,2.16882267,4264.000000,inf,conduction,400.940936,448.635230,481.240588,570.975371,661.908449,683.430125,396.562192,443.849016,476.287140,566.191242,661.666130,685.188128
39.750178,47.91583145,48.51464675,0.86741204,0.86379487,0.84377178,0.78833304,6.17274214,4.82670329,4264.000000,inf,conduction,400.210281,447.821360,480.376945,570.014070,661.727275,683.331327,395.849637,443.053797,475.441487,565.223758,661.432403,685.099350
39.999886,48.13216795,48.72165817,0.86530797,0.86138094,0.84170318,0.79560171,5.58365731,3.47474452,4264.000000,inf,conduction,399.485877,447.014381,479.520514,569.060247,661.547143,683.232541,395.143187,442.265437,474.602741,564.292278,661.189755,685.010344
40.250163,48.34847204,48.95443529,0.86321506,0.85888961,0.83964709,1.21193524,3.91537684,-0.40238145,4264.000000,inf,conduction,398.764374,446.210561,478.667337,568.109507,661.367229,683.133325,394.439577,441.480063,473.767195,563.341378,661.095886,684.920709
40.499871,48.56376447,49.14952813,0.86114259,0.85674123,0.83761260,0.74776962,6.13778896,4.82345843,4264.000000,inf,conduction,398.049001,445.413500,477.821237,567.166124,661.188348,683.034135,393.741936,440.701420,472.938850,562.409404,660.709356,684.830860
40.750147,48.77902998,49.37632654,0.85908094,0.85608109,0.83559021,0.99687461,4.39519997,0.75200438,4264.000000,inf,conduction,397.336451,444.619513,476.978305,566.225752,661.009682,682.934526,393.047067,439.925727,472.113284,561.481413,660.620395,684.740392
40.999855,48.99329394,49.57869800,0.85703927,0.85503721,0.83358887,0.72938657,6.58783219,5.89583694,4264.000000,inf,conduction,396.629912,443.832156,476.142321,565.292619,660.832039,682.834956,392.358050,439.156553,471.294960,560.549137,660.244819,684.649724
41.250132,49.20753631,49.79719560,0.85500809,0.85309032,0.83159922,0.86283118,4.93174993,2.04119851,4264.000000,inf,conduction,395.926120,443.047793,475.309422,564.362425,660.654607,682.734976,391.671724,438.390346,470.479354,559.639126,660.195347,684.558447
41.499839,49.42078701,50.01403132,0.85299644,0.85095073,0.82963009,0.77576647,6.04810401,4.67803535,4264.000000,inf,conduction,395.228225,442.269936,474.483343,563.439354,660.478189,682.635049,390.991147,437.630445,469.670664,558.715590,658.574730,684.466983
41.750116,49.63402128,50.21755894,0.85099498,0.84767672,0.82767228,0.77840010,5.52001256,3.47842151,4264.000000,inf,conduction,394.533003,441.494993,473.660269,562.519154,660.301979,682.534723,390.313175,436.873491,468.864922,557.811920,658.559744,684.374920
41.999824,49.84627353,50.44542443,0.84901261,0.84521923,0.82573446,1.16133761,3.90106905,-0.28360035,4264.000000,inf,conduction,393.843568,440.726436,472.843892,561.605964,660.126774,682.434461,389.640857,436.122708,468.065629,556.905644,658.745787,684.282683
42.250100,50.05851437,50.63834539,0.84704012,0.84280963,0.82380760,0.73038949,6.12122873,4.93987703,4264.000000,inf,conduction,393.156733,439.960717,472.030443,560.695578,659.743443,682.333811,388.971064,435.374768,467.269490,556.002320,655.859685,684.189857
42.499808,50.26978264,50.85973424,0.84508631,0.84082018,0.82190025,0.94785887,4.43051035,1.00464120,4264.000000,inf,conduction,392.475578,439.201267,471.223570,559.792091,658.818259,682.233237,388.306822,434.632944,466.479525,555.114710,656.196699,684.096869
42.750085,50.48104437,51.06169274,0.84314209,0.84129651,0.82000350,0.71886990,6.53721354,5.93041002,4264.000000,inf,conduction,391.796956,438.444579,470.419551,558.891344,657.894866,682.132284,387.645041,433.893811,465.692633,554.216127,653.783855,684.003302
42.999792,50.69134276,51.27345839,0.84121614,0.83864748,0.81812577,0.82030257,5.02368527,2.41726275,4264.000000,inf,conduction,391.123907,437.694048,469.621991,557.997387,656.977440,682.031418,386.988698,433.160754,464.911952,553.339270,653.769970,683.909586
43.250069,50.90163933,51.50000000,0.83929951,0.83643419,0.81625832,0.85784047,3.45120092,-1.23873417,4264.000000,inf,conduction,390.453325,436.946208,468.827212,557.106106,656.061779,681.930183,386.334762,432.430271,464.134019,552.453534,653.964281,683.815300
43.499777,51.11098160,51.68731419,0.83740075,0.83226888,0.81440944,0.74473643,5.66702379,3.99414865,4264.000000,inf,conduction,389.788215,436.204413,468.038779,556.221510,655.152023,681.829045,385.686154,431.705762,463.362453,551.579466,651.475281,683.720877
43.750053,51.32032665,51.91000886,0.83551105,0.83020337,0.81257050,1.04320760,4.05171233,0.23626194,4264.000000,inf,conduction,389.125507,435.465241,467.253055,555.339529,654.244004,681.727548,385.039897,430.983787,462.593354,550.710444,651.568492,683.625894
43.999761,51.52872622,52.10276910,0.83363883,0.83084903,0.81074969,0.70922321,6.27444614,5.43173274,4264.000000,inf,conduction,388.468173,434.732006,466.473568,554.464130,653.341827,681.626158,384.398870,430.267625,461.830603,549.839857,649.456190,683.530785
44.250038,51.73713305,52.31764585,0.83177541,0.82776729,0.80893852,0.86515007,4.64521721,1.65258947,4264.000000,inf,conduction,387.813178,434.001326,465.696722,553.591285,652.441361,681.524419,383.760126,429.553993,461.070299,548.983163,649.250917,683.435125
44.499745,51.94460305,52.52431708,0.82992911,0.82777963,0.80714505,0.73100337,6.22373132,5.34721588,4264.000000,inf,conduction,387.163461,433.276480,464.926005,552.724922,651.546677,681.422796,383.126527,428.846020,460.316073,548.122742,648.299811,683.339352
44.750022,52.15208464,52.72534199,0.82809136,0.82322741,0.80536093,0.76218108,5.30544123,3.24851761,4264.000000,inf,conduction,386.516023,432.554123,464.157863,551.861054,650.653676,681.320832,382.495143,428.140535,459.564444,547.270784,647.065817,683.243036
44.999730,52.35863787,52.94702798,0.82627037,0.82145534,0.80359409,1.13391606,3.78054179,-0.30101397,4264.000000,inf,conduction,385.873769,431.837498,463.395746,551.003569,649.766395,681.218995,381.868819,427.440618,458.818589,546.424926,646.985973,683.146618
45.250006,52.56520690,53.13430236,0.82445770,0.82033464,0.80183631,0.70826311,5.98482657,4.87094904,4264.000000,inf,conduction,385.233736,431.123300,462.636139,550.148523,648.880771,681.116824,381.244651,426.743090,458.075384,545.576576,645.124872,683.049666
45.500283,52.77132381,53.34954139,0.82265735,0.81776302,0.80009147,0.90390111,4.37404471,1.12930196,4264.000000,inf,conduction,384.597354,430.413126,461.880742,549.297836,647.998806,681.014557,380.624044,426.049510,457.336175,544.740932,644.769627,682.952403
45.749991,52.97652474,53.54770654,0.82087325,0.81958132,0.79836333,0.70297341,6.36896919,5.77848710,4264.000000,inf,conduction,383.966021,429.708535,461.131218,548.453388,647.122472,680.912431,380.008355,425.361357,456.602797,543.903373,643.756033,682.855056
46.000267,53.18174758,53.75164412,0.81909712,0.81508530,0.79664383,0.77589945,5.04672005,2.73363229,4264.000000,inf,conduction,383.336825,429.006281,460.384112,547.611295,646.247754,680.809983,379.394744,424.675529,455.871830,543.073404,642.688142,682.757187
46.249975,53.38606248,53.97203758,0.81733689,0.81379803,0.79494066,1.20637337,3.59382598,-0.65275933,4264.000000,inf,conduction,382.712590,428.309516,459.642781,546.775350,645.378607,680.707684,378.785972,423.995034,455.146426,542.248791,642.470601,682.659245
46.500252,53.59040322,54.15496205,0.81558442,0.81350917,0.79324588,0.70785460,5.76407351,4.43026836,4264.000000,inf,conduction,382.090438,427.615029,458.903809,545.941706,644.511050,680.605072,378.179221,423.316780,454.423481,541.422933,640.836724,682.560788
46.749959,53.79384390,54.36880016,0.81384754,0.80993766,0.79156706,0.92763072,4.19894646,0.80662123,4264.000000,inf,conduction,381.473162,426.925938,458.170515,545.114119,643.649005,680.502618,377.577224,422.643810,453.705993,540.609520,640.352505,682.462270
47.000236,53.99731423,54.56228262,0.81211820,0.80975646,0.78989638,0.69026529,6.29920923,5.72463929,4264.000000,inf,conduction,380.857918,426.239068,457.439523,544.288781,642.788523,680.399857,376.977203,421.972985,452.990824,539.792106,639.436636,682.363246
47.249944,54.19989222,54.76579639,0.81040414,0.80443834,0.78824131,0.78083881,4.88696677,2.47829797,4264.000000,inf,conduction,380.247467,425.557506,456.714116,543.469411,641.933494,680.297262,376.381849,421.307377,452.281158,538.984494,638.373697,682.264169
47.500220,54.40250359,54.98482258,0.80869742,0.80522738,0.78659414,1.24275193,3.48281836,-0.81712406,4264.000000,inf,conduction,379.638996,424.878109,455.990955,542.652239,641.080003,680.194368,375.788424,420.643861,451.573616,538.178899,638.035919,682.164595
47.749928,54.60423017,55.16414397,0.80700567,0.80484801,0.78496224,0.70403592,5.63229924,4.21830409,4264.000000,inf,conduction,379.035238,424.203931,455.273289,541.840948,640.231908,680.091648,375.199587,419.985453,450.871572,537.375950,636.619700,682.064979
48.000205,54.80599376,55.37670719,0.80532107,0.80111383,0.78333801,0.93242951,4.10239488,0.67891324,4264.000000,inf,conduction,378.433412,423.531867,454.557814,541.031807,639.385324,679.988636,374.612629,419.329119,450.171596,536.580373,636.014910,681.964873
48.249913,55.00687997,55.56665965,0.80365114,0.80048553,0.78172872,0.68175785,6.22384722,5.65150890,4264.000000,inf,conduction,377.836221,422.864935,453.847746,540.228460,638.544079,679.885804,374.030186,418.677777,449.476953,535.785891,635.241851,681.864735
48.500189,55.20780671,55.76901856,0.80198817,0.79533540,0.78012689,0.77556998,4.81081681,2.40145209,4264.000000,inf,conduction,377.240912,422.200066,453.139816,539.427215,637.704320,679.782687,373.449571,418.028473,448.784444,534.995860,634.138900,681.764115
48.749897,55.40786334,55.98524179,0.80033959,0.79679636,0.77853967,1.23117624,3.44232098,-0.81800373,4264.000000,inf,conduction,376.650163,421.540246,452.437206,538.631682,636.869843,679.679758,372.873400,417.384085,448.097074,534.212261,633.692386,681.663473
49.000173,55.60796392,56.16296465,0.79869778,0.79637872,0.77695969,0.69583344,5.58179810,4.19443533,4264.000000,inf,conduction,376.061251,420.882437,451.736683,537.838204,636.036826,679.576550,372.299010,416.741663,447.411841,533.427522,632.484723,681.562355
49.249881,55.80720153,56.37262092,0.79707009,0.79218962,0.77539402,0.91478266,4.08369737,0.73455312,4264.000000,inf,conduction,375.476822,420.229598,451.041398,537.050356,635.209036,679.473537,371.728989,416.104106,446.731683,532.652601,631.769510,681.461226
49.500158,56.00648643,56.56172305,0.79544899,0.79150450,0.77383539,0.67519638,6.17321792,5.63304027,4264.000000,inf,conduction,374.894187,419.578721,450.348149,536.264517,634.382682,679.370252,371.160710,415.468444,446.053532,531.876571,631.129375,681.359628
49.749866,56.20491535,56.76069673,0.79384174,0.78720015,0.77229076,0.75919093,4.81942814,2.51222466,4264.000000,inf,conduction,374.315962,418.932733,449.660054,535.484228,633.561498,679.267168,370.596724,414.837575,445.380475,531.106842,629.998361,681.258028
50.000142,56.40339482,56.97470325,0.79224092,0.78870186,0.77075297,1.17782495,3.46227540,-0.68113472,4264.000000,inf,conduction,373.739487,418.288662,448.973948,534.705904,632.741726,679.163818,370.034439,414.208566,444.709301,530.340802,629.446001,681.155967
50.249850,56.60102515,57.15087737,0.79065367,0.78821473,0.76922890,0.68332696,5.61428574,4.36141432,4264.000000,inf,conduction,373.167353,417.649402,448.292917,533.933052,631.927070,679.060675,369.476380,413.584252,444.043161,529.577066,628.443476,681.053912
50.500127,56.79870920,57.35793630,0.78907269,0.78286349,0.76771149,0.87931173,4.13279299,0.95335060,4264.000000,inf,conduction,372.596925,417.012012,447.613828,533.162121,631.113800,678.957272,368.919977,412.961776,443.378901,528.818376,627.622553,680.951404
50.749834,56.99555086,57.54722647,0.78750503,0.78268147,0.76620750,0.67247114,6.11658853,5.59876759,4264.000000,inf,conduction,372.030769,416.379358,446.939735,532.396586,630.305593,678.854082,368.367736,412.343906,442.719516,528.063496,627.070602,680.848911
51.000111,57.19244932,57.74222746,0.78594347,0.78060794,0.76470998,0.73483770,4.90226715,2.77955144,4264.000000,inf,conduction,371.466278,415.748530,446.267537,531.632930,629.498747,678.750638,367.817109,411.727828,442.062042,527.309896,625.956432,680.745970
51.249819,57.38851198,57.95264394,0.78439500,0.78151215,0.76322563,1.09153259,3.54649899,-0.40391167,4264.000000,inf,conduction,370.905992,415.122365,445.600260,530.874595,628.696912,678.647413,367.270578,411.116301,441.409330,526.563897,625.304223,680.643054
51.500095,57.58463446,58.12934599,0.78285246,0.78086828,0.76174756,0.66892767,5.71301750,4.67434195,4264.000000,inf,conduction,370.347332,414.497982,444.934834,530.118098,627.896414,678.543939,366.725624,410.506502,440.758468,525.817094,624.487524,680.539697
51.749803,57.77992762,58.33213889,0.78132278,0.77571732,0.76028240,0.83034529,4.25496786,1.31891959,4264.000000,inf,conduction,369.792811,413.878190,444.274255,529.366848,627.100874,678.440689,366.184698,409.901198,440.112355,525.077236,623.582339,680.436374
52.000080,57.97528353,58.52536455,0.77979887,0.77523365,0.75882335,0.68181627,5.88805922,5.14681766,4264.000000,inf,conduction,369.239877,413.260138,443.615483,528.617395,626.306647,678.337197,365.645315,409.297578,439.467977,524.339182,623.014692,680.332616
52.249787,58.16981649,58.71320114,0.77828759,0.77374191,0.75737694,0.70539847,5.06383503,3.23420570,4264.000000,inf,conduction,368.691018,412.646607,442.961484,527.873119,625.517326,678.233934,365.109896,408.698374,438.828322,523.604692,622.018879,680.228900
52.500064,58.36441504,58.92051262,0.77678194,0.77340127,0.75593649,0.99217910,3.69048764,0.02346157,4264.000000,inf,conduction,368.143708,412.034775,442.309251,527.130600,624.729296,678.130433,364.575981,408.100831,438.190362,522.874241,621.269444,680.124756
52.749772,58.55819690,59.09828488,0.77528868,0.77284327,0.75450843,0.65590535,5.86000012,5.10776667,4264.000000,inf,conduction,367.600411,411.427396,441.661721,526.393187,623.946120,678.027167,364.045973,407.507621,437.557009,522.147204,620.600860,680.020661
53.000048,58.75204715,59.29670692,0.77380091,0.76927556,0.75308616,0.77658543,4.44535207,1.83629730,4264.000000,inf,conduction,367.058627,410.821675,441.015916,525.657494,623.164211,677.923667,363.517431,406.916039,436.925373,521.422146,619.649053,679.916146
53.249756,58.94508683,59.50080672,0.77232531,0.76821616,0.75167604,0.84500437,3.87013495,0.50171038,4264.000000,inf,conduction,366.520794,410.220341,440.374743,524.926837,622.387106,677.820408,362.992736,406.328731,436.298230,520.703254,618.998515,679.811686
53.500033,59.13819761,59.67521341,0.77085508,0.76648493,0.75027156,0.67606046,5.29284758,3.85107961,4264.000000,inf,conduction,365.984438,409.620627,439.735256,524.197863,621.611246,677.716920,362.469474,405.742998,435.672771,519.984245,618.174786,679.706813
53.749740,59.33050386,59.87784859,0.76939679,0.76453783,0.74887901,0.89147335,3.90311034,0.61986638,4264.000000,inf,conduction,365.451974,409.025234,439.100333,523.473858,620.840140,677.613677,361.949999,405.161490,435.051771,519.271637,617.347145,679.602004
54.000017,59.52288385,60.05990867,0.76794373,0.76411937,0.74749194,0.65067718,5.96712025,5.45567161,4264.000000,inf,conduction,364.920953,408.431424,438.467057,522.751499,620.070256,677.510210,361.431924,404.581513,434.432363,518.560362,616.732439,679.496785
54.249725,59.71446525,60.25130538,0.76650242,0.76275176,0.74611656,0.72353140,4.71258045,2.53445471,4264.000000,inf,conduction,364.393766,407.841870,437.838280,522.034044,619.305077,677.406992,360.917579,404.005693,433.817391,517.853042,615.824134,679.391641
54.500001,59.90612295,60.45703976,0.76506620,0.75995173,0.74474652,1.07737992,3.43050603,-0.43525587,4264.000000,inf,conduction,363.867987,407.253863,437.211112,521.318198,618.541098,677.303555,360.404601,403.431381,433.203966,517.148889,615.089298,679.286091
54.750278,60.09742225,60.62872097,0.76363829,0.75923585,0.74338488,0.65144973,5.57536208,4.59309541,4264.000000,inf,conduction,363.344800,406.668723,436.586962,520.605575,617.780048,677.200136,359.894142,402.859857,432.593501,516.446728,614.402056,679.180383
54.999986,60.28793164,60.82617681,0.76222182,0.75810907,0.74203460,0.80111648,4.18407607,1.34911971,4264.000000,inf,conduction,362.825361,406.087748,435.967215,519.897759,617.023630,677.096972,359.387330,402.292403,431.987359,515.749569,613.534397,679.074758
55.250262,60.47852111,61.01709339,0.76081025,0.75654632,0.74068945,0.67713745,5.55865949,4.58395835,4264.000000,inf,conduction,362.307282,405.508265,435.349022,519.191501,616.268380,676.993596,358.881838,401.726398,431.382709,515.054774,612.865930,678.968737
55.499970,60.66832634,61.19762653,0.75940994,0.75463676,0.73935546,0.67770557,5.04960318,3.41370101,4264.000000,inf,conduction,361.792898,404.932886,434.735168,518.489988,615.517714,676.890480,358.379940,401.164393,430.782326,514.363415,612.091693,678.862810
55.750247,60.85821407,61.39878359,0.75801441,0.75345440,0.73802647,0.91882622,3.72004060,0.31481798,4264.000000,inf,conduction,361.279843,404.358967,434.122833,517.789998,614.768194,676.787155,357.879330,400.603814,430.183425,513.674568,611.292803,678.756490
55.999954,61.04732314,61.57487674,0.75662994,0.75265986,0.73670843,0.63851782,5.83653740,5.27766614,4264.000000,inf,conduction,360.770427,403.789092,433.514776,517.094692,614.023211,676.684093,357.382263,400.047174,429.588692,512.990247,610.654808,678.650271
56.250231,61.23651706,61.76569913,0.75525013,0.75195204,0.73539526,0.72537687,4.54198423,2.25544232,4264.000000,inf,conduction,360.262311,403.220642,432.908204,516.400877,613.279354,676.580827,356.886453,399.491922,428.995435,512.306673,609.826169,678.543669
56.499939,61.42493782,61.96833798,0.75388120,0.74875706,0.73409284,1.09747284,3.31821735,-0.57339098,4264.000000,inf,conduction,359.757782,402.656180,432.305850,515.711684,612.539987,676.477828,356.394136,398.940562,428.406285,511.628778,609.090482,678.437166
56.750215,61.61344573,62.13631762,0.75251683,0.74707302,0.73279516,0.64368926,5.44097494,4.41401948,4264.000000,inf,conduction,359.254522,402.093111,431.704947,515.023951,611.801726,676.374629,355.903047,398.390550,427.818554,510.951630,608.422068,678.330293
56.999923,61.80118587,62.33129277,0.75116315,0.74837607,0.73150805,0.79602720,4.08854813,1.23393466,4264.000000,inf,conduction,358.754799,401.533973,431.108204,514.340781,611.067908,676.271700,355.415400,397.844377,427.234907,510.278935,607.607225,678.223524
57.250200,61.98901542,62.51864885,0.74981391,0.74637304,0.73022555,0.66356349,5.53078073,4.63202115,4264.000000,inf,conduction,358.256316,400.976197,430.512879,513.659040,610.335176,676.168574,354.928954,397.299527,426.652623,509.608420,606.917797,678.116385
57.499908,62.17608248,62.69689090,0.74847519,0.74448360,0.72895343,0.66709656,4.98017245,3.36428066,4264.000000,inf,conduction,357.761319,400.422296,429.921656,512.981804,609.606842,676.065722,354.445900,396.758452,426.074364,508.941478,606.204545,678.009367
57.750184,62.36324116,62.89493114,0.74714081,0.74270024,0.72768580,0.89745031,3.68594798,0.35480651,4264.000000,inf,conduction,357.267534,399.869727,429.331820,512.305965,608.879574,675.962678,353.964019,396.218677,425.497462,508.276407,605.424881,677.901973
57.999892,62.54964257,63.06907259,0.74581677,0.74074071,0.72642837,0.62933617,5.77527786,5.26704267,4264.000000,inf,conduction,356.777186,399.320980,428.746030,511.634576,608.156660,675.859910,353.485484,395.682624,424.924500,507.615964,604.769556,677.794712
58.250169,62.73613773,63.25629310,0.74449698,0.74118871,0.72517533,0.70623582,4.53849694,2.36716971,4264.000000,inf,conduction,356.288022,398.773533,428.161596,510.964554,607.434791,675.756953,353.008095,395.147836,424.352880,506.956176,604.016181,677.687084
58.499876,62.92188076,63.45548190,0.74318735,0.73737849,0.72393229,1.04112230,3.33524839,-0.40678427,4264.000000,inf,conduction,355.802249,398.229856,427.581154,510.298924,606.717233,675.654276,352.534004,394.616726,423.785153,506.301445,603.277076,677.579582
58.750153,63.10771963,63.62212135,0.74188186,0.73561360,0.72269354,0.63028297,5.45888155,4.58357622,4264.000000,inf,conduction,355.317632,397.687451,427.002036,509.634634,606.000700,675.551413,352.061034,394.086848,423.218713,505.647837,602.624997,677.471734
58.999861,63.29281141,63.81310669,0.74058638,0.73855686,0.72146462,0.76111236,4.14202253,1.46847362,4264.000000,inf,conduction,354.836359,397.148764,426.426857,508.974682,605.288435,675.448834,351.591316,393.560596,422.656138,504.998143,601.863181,677.364008
59.250137,63.47800108,64.00458987,0.73929494,0.73518118,0.72023988,0.71238983,4.58585177,2.54492754,4264.000000,inf,conduction,354.356217,396.611320,425.852973,508.316040,604.577176,675.346071,351.122694,393.035554,422.094815,504.350437,601.156633,677.255938
59.499845,63.66244862,64.17407276,0.73801335,0.73349145,0.71902480,0.64542365,5.07035986,3.69781740,4264.000000,inf,conduction,353.879371,396.077543,425.282974,507.661682,603.870142,675.243595,350.657279,392.514082,421.537290,503.706490,600.492411,677.148011
59.750122,63.84699606,64.36793441,0.73673571,0.73373896,0.71781379,0.83541511,3.78703979,0.69124526,4264.000000,inf,conduction,353.403632,395.544982,424.714243,507.008607,603.164095,675.140939,350.192934,391.993796,420.981012,503.063804,599.740213,677.039724
59.999829,64.03080624,64.54400169,0.73546776,0.73064638,0.71661228,0.62652420,5.71868766,5.24702241,4264.000000,inf,conduction,352.931144,395.016039,424.149345,506.359764,602.462230,675.038571,349.731754,391.477035,420.428466,502.425772,599.063710,676.931601
60.250106,64.21471827,64.72478932,0.73420366,0.73089313,0.71541474,0.67159889,4.68812761,2.83208388,4264.000000,inf,conduction,352.459739,394.488285,423.585687,505.712176,601.761335,674.936028,349.271620,390.961426,419.877137,501.788447,598.378983,676.823124
60.499814,64.39789786,64.91971143,0.73294910,0.72835777,0.71422654,0.93286916,3.47598407,0.02310952,4264.000000,inf,conduction,351.991540,393.964100,423.025811,505.068768,601.064580,674.833775,348.814607,390.449300,419.329507,501.155500,597.648102,676.714797
60.750090,64.58118120,65.08779794,0.73169831,0.72553440,0.71304221,0.61625431,5.58747248,4.99683332,4264.000000,inf,conduction,351.524400,393.441078,422.467147,504.426590,600.368776,674.731349,348.358617,389.938300,418.783049,500.523995,596.990863,676.606148
60.999798,64.76373682,65.27294894,0.73045691,0.72781361,0.71186707,0.70744754,4.33979965,2.05106870,4264.000000,inf,conduction,351.060424,392.921577,421.912217,503.788540,599.677071,674.629217,347.905706,389.430733,418.240249,499.896089,596.292533,676.497634
61.250075,64.94639806,65.46924046,0.72921919,0.72417432,0.71069571,1.06373562,3.19934343,-0.57781369,4264.000000,inf,conduction,350.597482,392.403214,421.358473,503.151693,598.986299,674.526914,347.453795,388.924273,417.698603,499.269776,595.581293,676.388803
61.499782,65.12833625,65.63086776,0.72799071,0.72202268,0.70953338,0.62015646,5.29817926,4.35881254,4264.000000,inf,conduction,350.137663,391.888326,420.808413,502.518926,598.299587,674.424907,347.004923,388.421197,417.160549,498.647478,594.935650,676.280136
61.750059,65.31038186,65.81917024,0.72676582,0.72439595,0.70837473,0.75385827,4.02409556,1.35018139,4264.000000,inf,conduction,349.678854,391.374550,420.259513,501.887337,597.613789,674.322733,346.557028,387.919200,416.623637,498.026016,594.230595,676.171117
61.999767,65.49170901,66.00567767,0.72555004,0.71986328,0.70722497,0.68780558,4.64539926,2.85492995,4264.000000,inf,conduction,349.223127,390.864204,419.714250,501.259778,596.932011,674.220856,346.112131,387.420549,416.090272,497.408957,593.541053,676.062299
62.250043,65.67314537,66.17288022,0.72433777,0.71943406,0.70607880,0.63241878,4.98278072,3.64940601,4264.000000,inf,conduction,348.768389,390.354945,419.170122,500.633372,596.251130,674.118815,345.668191,386.922950,415.558011,496.792874,592.895981,675.953133
62.499751,65.85386778,66.36243015,0.72313447,0.72047929,0.70494137,0.81069110,3.74565035,0.74206271,4264.000000,inf,conduction,348.316692,389.849072,418.629584,500.010949,595.574229,674.017074,345.227208,386.428653,415.029265,496.180545,592.195918,675.844136
62.750028,66.03470112,66.53694386,0.72193460,0.71560704,0.70380745,0.61798216,5.58984028,5.11295379,4264.000000,inf,conduction,347.865962,389.344263,418.090156,499.389655,594.898210,673.915171,344.787161,385.935388,414.501593,495.569716,591.522889,675.734851
62.999736,66.21482497,66.71250369,0.72074355,0.71709651,0.70268213,0.65073591,4.68348590,2.97489611,4264.000000,inf,conduction,347.418232,388.842796,417.554273,498.772296,594.226130,673.813570,344.350034,385.445378,413.977385,494.962510,590.877541,675.625700
63.250012,66.39506145,66.90352287,0.71955586,0.71659066,0.70156023,0.88059492,3.49641277,0.20199688,4264.000000,inf,conduction,346.971449,388.342369,417.019477,498.156042,593.554915,673.711809,343.913821,384.956379,413.454240,494.356369,590.184285,675.516258
63.499720,66.57459282,67.07022443,0.71837687,0.71247203,0.70044680,0.60480308,5.56241833,5.08368843,4264.000000,inf,conduction,346.527628,387.845241,416.488180,497.543677,592.887601,673.610352,343.480491,384.470595,412.934507,493.754356,589.528492,675.407011
63.749996,66.75423848,67.25031177,0.71720115,0.71422112,0.69933670,0.67454631,4.40581883,2.35700029,4264.000000,inf,conduction,346.084733,387.349131,415.957945,496.932395,592.221136,673.508739,343.048055,383.985797,412.415812,493.153128,588.878918,675.297403
64.000273,66.93359062,67.44195598,0.71603135,0.71292197,0.69823243,0.96506245,3.27592655,-0.27322177,4264.000000,inf,conduction,345.643761,386.855158,415.429970,496.323575,591.557028,673.407200,342.617487,383.503080,411.899324,492.554410,588.196282,675.187790
64.249981,67.11224410,67.60320021,0.71487006,0.70950686,0.69713643,0.60277865,5.37546528,4.67912320,4264.000000,inf,conduction,345.205695,386.364422,414.905428,495.718577,590.896765,673.305968,342.189747,383.023517,411.386183,491.959653,587.553422,675.078339
64.500257,67.29101429,67.78573096,0.71371193,0.71146800,0.69604365,0.70302632,4.15552448,1.80181280,4264.000000,inf,conduction,344.768524,385.874670,414.381916,495.114627,590.237326,673.204582,341.762871,382.544908,410.874049,491.365659,586.902289,674.968554
64.749965,67.46909004,67.97725824,0.71256218,0.70804883,0.69495900,1.06530962,3.08327822,-0.66986520,4264.000000,inf,conduction,344.334222,385.388114,413.861794,494.514454,589.581695,673.103505,341.338787,382.069415,410.365228,490.775537,586.232444,674.859033
65.000242,67.64728406,68.13462762,0.71141553,0.70637880,0.69387750,0.60647629,5.15166806,4.19013286,4264.000000,inf,conduction,343.900795,384.902522,413.342680,493.915307,588.926873,673.002276,340.915548,381.594854,409.857381,490.186539,585.597998,674.749141
65.249950,67.82478779,68.31824014,0.71027713,0.70714145,0.69280401,0.73517588,3.93474836,1.33324334,4264.000000,inf,conduction,343.470201,384.420085,412.826915,493.319895,588.275821,672.901358,340.495066,381.123369,409.352811,489.600978,584.949174,674.639463
65.500226,68.00241133,68.50289079,0.70914176,0.70255768,0.69173358,0.70338642,4.14259844,1.87080704,4264.000000,inf,conduction,343.040464,383.938592,412.312135,492.725487,587.625562,672.800290,340.075411,380.652799,408.849198,489.016599,584.288926,674.529540
65.749934,68.17934869,68.66369473,0.70801453,0.70288560,0.69067105,0.61365094,4.93106655,3.71268964,4264.000000,inf,conduction,342.613523,383.460215,411.800664,492.134770,586.979038,672.699534,339.658478,380.185265,408.348813,488.435891,583.663405,674.419724
66.000210,68.35640734,68.84864411,0.70689025,0.70326487,0.68961151,0.77146663,3.73651343,0.91242320,4264.000000,inf,conduction,342.187421,382.982760,411.290156,491.545037,586.333292,672.598631,339.242353,379.718625,407.849370,487.855963,583.016200,674.309686
66.249918,68.53278385,69.02241041,0.70577400,0.69809696,0.68855973,0.61622054,5.31207046,4.65782943,4264.000000,inf,conduction,341.764081,382.508384,410.782917,490.958954,585.691245,672.498040,338.828917,379.254986,407.353117,487.279825,582.367978,674.199861
66.500195,68.70928312,69.19099727,0.70466064,0.69988781,0.68751089,0.62341950,4.72156039,3.25569872,4264.000000,inf,conduction,341.341561,382.034911,410.276621,490.373834,585.049960,672.397305,338.416272,378.792220,406.857778,486.704625,581.746917,674.089647
66.749903,68.88510423,69.37605506,0.70355519,0.70022171,0.68646969,0.81023826,3.56390753,0.54230855,4264.000000,inf,conduction,340.921768,381.564479,409.773555,489.792321,584.412340,672.296883,338.006282,378.332418,406.365598,486.132828,581.105929,673.979770
67.000179,69.06104953,69.54381651,0.70245256,0.69475767,0.68543135,0.59683533,5.47092062,5.06683894,4264.000000,inf,conduction,340.502779,381.094929,409.271411,489.211753,583.775467,672.196319,337.597066,377.873472,405.874312,485.562156,580.466088,673.869543
67.249887,69.23632059,69.71559614,0.70135774,0.69763878,0.68440055,0.63456922,4.53357811,2.84074757,4264.000000,inf,conduction,340.086484,380.628384,408.772458,488.634752,583.142224,672.096071,337.190473,377.417451,405.386140,484.994946,579.851478,673.759468
67.500164,69.41171724,69.90132038,0.70026567,0.69807978,0.68337253,0.85217475,3.41004096,0.20601771,4264.000000,inf,conduction,339.670974,380.162703,408.274409,488.058675,582.509714,671.995681,336.784637,376.962269,404.898851,484.428541,579.214896,673.649262
67.749871,69.58644352,70.06398106,0.69918130,0.69253704,0.68235194,0.58852926,5.43522840,5.00803064,4264.000000,inf,conduction,339.258126,379.699989,407.779511,487.486125,581.880800,671.895608,336.381392,376.509979,404.414636,483.865785,578.585596,673.539138
68.000148,69.76129676,70.23824250,0.69809962,0.69509931,0.68133408,0.64688193,4.36294458,2.46963913,4264.000000,inf,conduction,338.846046,379.238122,407.285498,486.914481,581.252604,671.795396,335.978888,376.058506,403.931280,483.303853,577.974223,673.428739
68.249856,69.93548346,70.42357907,0.69702553,0.69521259,0.68032353,0.89487783,3.27773937,-0.07171839,4264.000000,inf,conduction,338.436596,378.779186,406.794600,486.346325,580.627970,671.695501,335.578942,375.609892,403.450969,482.745280,577.345549,673.318706
68.500132,70.10979844,70.58292746,0.69595408,0.69042966,0.67931565,0.58456862,5.33994300,4.80847361,4264.000000,inf,conduction,338.027898,378.321078,406.304568,485.779054,580.004041,671.595469,335.179722,375.162079,402.971495,482.187740,576.723221,673.208194
68.749840,70.28345064,70.75807088,0.69489011,0.69192183,0.67831497,0.65918308,4.21500361,2.15875275,4264.000000,inf,conduction,337.621797,377.865868,405.817614,485.215234,579.383640,671.495756,334.783031,374.717088,402.495028,481.633515,576.117832,673.098012
69.000117,70.45723244,70.94369668,0.69382873,0.69145977,0.67731689,0.93910095,3.16083135,-0.30355856,4264.000000,inf,conduction,337.216433,377.411467,405.331506,484.652282,578.763930,671.395908,334.387049,374.272882,402.019386,481.080097,575.494529,672.987642
69.249824,70.63035516,71.09960386,0.69277471,0.68778521,0.67632592,0.58288010,5.22991156,4.58038324,4264.000000,inf,conduction,336.813635,376.959930,404.848442,484.092742,578.147716,671.296378,333.993565,373.831467,401.546712,480.530176,574.881336,672.877263
69.500101,70.80360877,71.27588869,0.69172323,0.68876778,0.67533749,0.67153432,4.08363472,1.88639512,4264.000000,inf,conduction,336.411558,376.509186,404.366206,483.534052,577.532179,671.196716,333.600776,373.390817,401.074843,479.981011,574.279267,672.766829
69.749809,70.97620696,71.46082857,0.69067902,0.68797717,0.67435606,0.98148623,3.06221232,-0.49560039,4264.000000,inf,conduction,336.012017,376.061270,403.886978,482.978737,576.920105,671.097373,333.210455,372.952926,400.605913,479.435136,573.664262,672.656614
70.000085,71.14893729,71.61460287,0.68963729,0.68540413,0.67337711,0.58242917,5.11860942,4.34638514,4264.000000,inf,conduction,335.613181,375.614131,403.408562,482.424253,576.308695,670.997899,332.820814,372.515785,400.137767,478.890203,573.056836,672.545893
70.249793,71.32101581,71.79086276,0.68860273,0.68580817,0.67240507,0.68267782,3.97306128,1.66054666,4264.000000,inf,conduction,335.216852,375.169789,402.933118,481.873109,575.700716,670.898746,332.433613,372.081368,399.672525,478.348474,572.461032,672.435733
70.500070,71.49322769,71.97584799,0.68757059,0.68402509,0.67143545,1.02285670,2.97641289,-0.65240638,4264.000000,inf,conduction,334.821212,374.726206,402.458468,481.322779,575.093388,670.799463,332.047076,371.647687,399.208055,477.807530,571.851524,672.325159
70.749777,71.66479133,72.12706950,0.68654552,0.68232633,0.67047263,0.58244588,5.01827973,4.14583024,4264.000000,inf,conduction,334.428050,374.285386,401.986758,480.775753,574.489461,670.700501,331.662951,371.216700,398.746452,477.269940,571.252136,672.214636
71.000054,71.83648952,72.30382434,0.68552283,0.68239416,0.66951219,0.69288806,3.87714800,1.47407414,4264.000000,inf,conduction,334.035563,373.845311,401.515824,480.229523,573.886170,670.601411,331.279476,370.786430,398.285605,476.733062,570.660058,672.104261
71.249762,72.00754299,72.48792250,0.68450712,0.68006399,0.66855846,1.05893054,2.90645027,-0.77204347,4264.000000,inf,conduction,333.645525,373.407967,401.047796,479.686562,573.286249,670.502643,330.898385,370.358824,397.827595,476.199385,570.058726,671.993823
71.500038,72.17873218,72.63772495,0.68349373,0.67894246,0.66760704,0.58263501,4.92781895,3.97178445,4264.000000,inf,conduction,333.256147,372.971352,400.580529,479.144382,572.686952,670.403749,330.517930,369.931922,397.370321,475.666573,569.464253,671.883035
71.749746,72.34928012,72.81395901,0.68248723,0.67884723,0.66666224,0.70086084,3.79989893,1.33276867,4264.000000,inf,conduction,332.869190,372.537437,400.116135,478.605434,572.090994,670.305177,330.139831,369.507651,396.915853,475.136870,568.878759,671.772950
72.000023,72.51996493,72.99792733,0.68148300,0.67624976,0.66571970,1.09083793,2.84743122,-0.86770120,4264.000000,inf,conduction,332.482879,372.104235,399.652486,478.067252,571.495648,670.206480,329.762355,369.084069,396.462108,474.607912,568.282764,671.662142
72.249731,72.69001191,73.14577281,0.68048557,0.67552440,0.66478369,0.58246193,4.85387404,3.83677746,4264.000000,inf,conduction,332.098961,371.673703,399.191677,477.532269,570.903610,670.108106,329.387208,368.663089,396.011135,474.082184,567.695590,671.551637
72.500007,72.86019688,73.32210798,0.67949036,0.67462134,0.66384989,0.70710112,3.73556204,1.22924899,4264.000000,inf,conduction,331.715676,371.243868,398.731597,476.998034,570.312172,670.009608,329.012671,368.242783,395.560869,473.557132,567.114107,671.441334
72.750284,73.03013333,73.50082062,0.67849961,0.67279793,0.66292042,0.73376302,3.42604446,0.52508426,4264.000000,inf,conduction,331.333891,370.815702,398.273286,476.465757,569.722675,669.911211,328.639590,367.824100,395.112329,473.033997,566.524686,671.330410
72.999991,73.19943700,73.65198155,0.67751553,0.67232562,0.66199733,0.58192344,4.79208548,3.72778187,4264.000000,inf,conduction,330.954457,370.390161,397.817769,475.936629,569.136440,669.813139,328.268799,367.407976,394.666514,472.514034,565.943228,671.219980
73.250268,73.36888030,73.82787965,0.67653359,0.67222535,0.66107638,0.71085483,3.68583412,1.13954121,4264.000000,inf,conduction,330.575637,369.965296,397.362957,475.408227,568.550788,669.714944,327.898597,366.992504,394.221384,471.994731,565.367141,671.109698
73.499976,73.53769413,74.00291966,0.67555824,0.66981816,0.66016173,0.66689075,3.97111105,1.83409035,4264.000000,inf,conduction,330.199141,369.543026,396.910908,474.882940,567.968370,669.617074,327.530660,366.579563,393.778952,471.478481,564.785500,670.998918
73.750252,73.70664866,74.15596946,0.67458499,0.66937969,0.65924918,0.58074159,4.74515386,3.65074491,4264.000000,inf,conduction,329.823246,369.121418,396.459551,474.358364,567.386522,669.519083,327.163300,366.167259,393.337188,470.963001,564.208233,670.888355
73.999960,73.87497699,74.33089082,0.67361824,0.66940802,0.65834285,0.71140627,3.65238207,1.09262287,4264.000000,inf,conduction,329.449651,368.702377,396.010925,473.836872,566.807879,669.421418,326.798179,365.757458,392.898092,470.450506,563.638853,670.778329
74.250237,74.04344705,74.50436160,0.67265355,0.66743709,0.65743856,0.64521166,4.18406500,2.35906516,4264.000000,inf,conduction,329.076642,368.283983,395.562976,473.316076,566.229795,669.323633,326.433623,365.348281,392.459652,469.938683,563.062234,670.667198
74.499945,74.21129414,74.65736743,0.67169527,0.66672865,0.65654041,0.57868298,4.71548634,3.61083257,4264.000000,inf,conduction,328.705908,367.868127,395.117730,472.798332,565.654887,669.226174,326.071280,364.941579,392.023849,469.429923,562.491630,670.557044
74.750221,74.37928398,74.83198625,0.67073901,0.66700299,0.65564426,0.70965617,3.63005480,1.06715132,4264.000000,inf,conduction,328.335749,367.452905,394.673146,472.281269,565.080527,669.128597,325.709491,364.535488,391.588689,468.921796,561.926311,670.446759
74.999929,74.54665404,75.00431025,0.66978907,0.66585909,0.65475415,0.64274675,4.16128502,2.32332188,4264.000000,inf,conduction,327.967838,367.040194,394.231234,471.767227,564.509315,669.031346,325.349891,364.131845,391.156138,468.416622,561.357227,670.335791
75.250205,74.71416785,75.15697002,0.66884112,0.66458644,0.65386601,0.57599800,4.69776817,3.59322187,4264.000000,inf,conduction,327.600490,366.628103,393.789972,471.253852,563.938639,668.933977,324.990833,363.728800,390.724215,467.912163,560.790575,670.225583
75.499913,74.88106501,75.33038306,0.66789941,0.66441560,0.65298384,0.70463736,3.62305691,1.07959180,4264.000000,inf,conduction,327.235366,366.218496,393.351353,470.743467,563.371084,668.836935,324.633940,363.328176,390.294873,467.410612,560.231816,670.115524
75.750190,75.04810691,75.50322094,0.66695963,0.66370550,0.65210359,0.65311729,3.97950316,1.92182071,4264.000000,inf,conduction,326.870793,365.809496,392.913370,470.233736,562.804054,668.739778,324.277577,362.928137,389.866146,466.909684,559.667581,670.004227
75.999898,75.21453527,75.65404071,0.66602603,0.66207445,0.65122922,0.57244564,4.69663326,3.61854580,4264.000000,inf,conduction,326.508419,365.402952,392.478002,469.726964,562.240117,668.642946,323.923355,362.530494,389.439972,466.411718,559.107375,669.894501
76.250174,75.38110931,75.82692409,0.66509432,0.66151792,0.65035674,0.69747600,3.62655847,1.12006436,4264.000000,inf,conduction,326.146585,364.997003,392.043257,469.220832,561.676694,668.546000,323.569652,362.133423,389.014400,465.914360,558.552510,669.784156
76.499882,75.54707289,76.00101070,0.66416871,0.66097481,0.64949006,0.70651184,3.42945628,0.66476484,4264.000000,inf,conduction,325.786927,364.593484,391.611098,468.717630,561.116337,668.449381,323.218068,361.738721,388.591356,465.419857,557.995595,669.673041
76.750159,75.71318308,76.14938034,0.66324495,0.65923624,0.64862522,0.56838238,4.70665201,3.67361037,4264.000000,inf,conduction,325.427797,364.190547,391.179549,468.215054,560.556484,668.352648,322.866992,361.344580,388.168899,464.926017,557.439237,669.563333
76.999866,75.87868583,76.32083864,0.66232721,0.65835845,0.64776612,0.68745176,3.64492003,1.19823495,4264.000000,inf,conduction,325.070819,363.790014,390.750560,467.715379,559.999671,668.256241,322.518011,360.952783,387.748942,464.435015,556.890659,669.453194
77.250143,76.04433613,76.49925855,0.66141128,0.65781861,0.64690881,1.06339884,2.75370417,-0.88178465,4264.000000,inf,conduction,324.714358,363.390051,390.322167,467.216318,559.443350,668.159723,322.169527,360.561535,387.329562,463.944589,556.338435,669.341757
77.499851,76.20938197,76.64227521,0.66050130,0.65621014,0.64605717,0.56369909,4.73208265,3.76684176,4264.000000,inf,conduction,324.360026,362.992466,389.896308,466.720128,558.890043,668.063531,321.823116,360.172606,386.912655,463.457026,555.788430,669.232604
77.750127,76.37457625,76.81296625,0.65959309,0.65505650,0.64520729,0.67581778,3.67355281,1.30203412,4264.000000,inf,conduction,324.006200,362.595440,389.471032,466.224539,558.337219,667.967228,321.477192,359.784214,386.496312,462.970049,555.243481,669.122167
77.999835,76.53916903,76.98997422,0.65869076,0.65439550,0.64436299,1.02567504,2.78257597,-0.77607646,4264.000000,inf,conduction,323.654481,362.200766,389.048263,465.731793,557.787381,667.871252,321.133319,359.398116,386.082417,462.485836,554.698355,669.010908
78.250112,76.70391113,77.13353106,0.65779017,0.65309692,0.64352042,0.55882102,4.76722067,3.88376523,4264.000000,inf,conduction,323.303257,361.806638,388.626065,465.239635,557.238016,667.775165,320.789922,359.012545,385.669074,462.002236,554.152207,668.901847
78.499819,76.86805465,77.30255018,0.65689538,0.65172120,0.64268336,0.66207747,3.71698597,1.44084735,4264.000000,inf,conduction,322.954117,361.414839,388.206348,464.750292,556.691613,667.679406,320.448554,358.629243,385.258153,461.521404,553.613212,668.791616
78.750096,77.03234835,77.47889532,0.65600230,0.65085358,0.64184799,0.98495374,2.81977683,-0.64954945,4264.000000,inf,conduction,322.605462,361.023575,387.787190,464.261525,556.145672,667.583537,320.107653,358.246457,384.847773,461.041109,553.072582,668.680013
78.999804,77.19604635,77.62246485,0.65511494,0.65020332,0.64101807,0.55378708,4.81537989,4.02872059,4264.000000,inf,conduction,322.258869,360.634615,387.370488,463.775546,555.602667,667.487995,319.768759,357.865917,384.439789,460.563579,552.532796,668.571582
79.250080,77.35989537,77.79042579,0.65422926,0.64863259,0.64018979,0.64748171,3.77078858,1.60118414,4264.000000,inf,conduction,321.912752,360.246178,386.954333,463.290131,555.060116,667.392344,319.430322,357.485881,384.032334,460.086613,551.997148,668.461072
79.499788,77.52315156,77.96524687,0.65334924,0.64746247,0.63936690,0.94021558,2.86910964,-0.49630536,4264.000000,inf,conduction,321.568674,359.860022,386.540608,462.807476,554.520475,667.297021,319.093872,357.108068,383.627253,459.612330,551.463331,668.349599
79.750065,77.68655958,78.10989195,0.65247085,0.64798886,0.63854561,0.54907414,4.86977128,4.18069858,4264.000000,inf,conduction,321.225062,359.474378,386.127419,462.325373,553.981277,667.201590,318.757869,356.730749,383.222689,459.138608,550.927488,668.241338
79.999772,77.84937757,78.27585299,0.65159806,0.64647309,0.63772964,0.63170298,3.83964344,1.78640405,4264.000000,inf,conduction,320.883469,359.090990,385.716635,461.846003,553.444966,667.106485,318.423832,356.355630,382.820472,458.667587,550.397500,668.131081
80.250049,78.01234822,78.44987843,0.65072687,0.64478934,0.63691525,0.89538437,2.92717008,-0.33063045,4264.000000,inf,conduction,320.542331,358.708105,385.306376,461.367174,552.909089,667.011275,318.090232,355.980993,382.418763,458.197070,549.867893,668.019184
80.499757,78.17473162,78.59518025,0.64986121,0.64574077,0.63610611,0.54493358,4.93075707,4.34848644,4264.000000,inf,conduction,320.203191,358.327453,384.898498,460.891053,552.376073,666.916391,317.758579,355.608535,382.019379,457.729223,549.338465,667.911615
80.750033,78.33726846,78.75966349,0.64899712,0.64375776,0.63529851,0.61588089,3.91915360,2.00275555,4264.000000,inf,conduction,319.864497,357.947292,384.491133,460.415460,551.843482,666.821401,317.427353,355.236549,381.620489,457.261916,548.811635,667.801174
80.999741,78.49922081,78.93202768,0.64813849,0.64215807,0.63449609,0.84959102,2.99800046,-0.13553158,4264.000000,inf,conduction,319.527781,357.569341,384.086125,459.942549,551.313728,666.726738,317.098053,354.866718,381.223901,456.797220,548.288446,667.689290
81.250018,78.66132737,79.07917759,0.64728140,0.64370815,0.63369519,0.54198455,4.98718343,4.50320212,4264.000000,inf,conduction,319.191501,357.191872,383.681620,459.470156,550.784391,666.631970,316.769173,354.497350,380.827799,456.333035,547.763050,667.581926
81.499726,78.82285216,79.24113962,0.64642971,0.64095312,0.63289941,0.59981526,4.01403430,2.25607917,4264.000000,inf,conduction,318.857178,356.816591,383.279448,459.000419,550.257867,666.537529,316.442198,354.130116,380.433974,455.871481,547.241739,667.471913
81.750002,78.98453191,79.41253835,0.64557952,0.63882577,0.63210510,0.80576765,3.07828586,0.08950677,4264.000000,inf,conduction,318.523282,356.441780,382.877768,458.531188,549.731749,666.442984,316.115634,353.763334,380.040624,455.410407,546.722354,667.359438
82.000279,79.14599931,79.56170271,0.64473275,0.64213345,0.63131406,0.54096830,5.02698199,4.61389720,4264.000000,inf,conduction,318.190570,356.068288,382.477490,458.063527,549.207231,666.348550,315.790219,353.397836,379.648641,454.950870,546.202202,667.252497
82.249986,79.30688896,79.72111283,0.64389129,0.63857411,0.63052805,0.58447865,4.11965332,2.52979641,4264.000000,inf,conduction,317.859784,355.696952,382.079510,457.598485,548.685492,666.254442,315.466681,353.034439,379.258900,454.493927,545.685233,667.142839
82.500263,79.46793469,79.89105590,0.64305129,0.63729023,0.62974348,0.76371004,3.17039457,0.32220584,4264.000000,inf,conduction,317.529413,355.326072,381.682006,457.133933,548.164147,666.160232,315.143540,352.671480,378.869620,454.037455,545.170603,667.029902
82.749971,79.62840530,80.04272069,0.64221653,0.64079820,0.62896387,0.54357076,5.01739473,4.60632968,4264.000000,inf,conduction,317.200950,354.957325,381.286778,456.671975,547.645556,666.066348,314.822258,352.310602,378.482562,453.583521,544.656836,666.923521
83.000247,79.78903271,80.19927098,0.64138320,0.63741857,0.62818566,0.56997546,4.23799665,2.81966915,4264.000000,inf,conduction,316.872891,354.589024,380.892017,456.210498,547.127351,665.972361,314.501365,351.950153,378.095953,453.130077,544.143103,666.814273
83.249955,79.94908762,80.36724081,0.64055507,0.63560234,0.62741236,0.72344600,3.27690456,0.59031047,4264.000000,inf,conduction,316.546722,354.222836,380.499509,455.751590,546.611878,665.878700,314.182312,351.591764,377.711544,452.679154,543.634142,666.700958
83.500232,80.10930003,80.52345635,0.63972832,0.63849086,0.62664043,0.55408317,4.86345346,4.27170642,4264.000000,inf,conduction,316.220949,353.857085,380.107458,455.293152,546.096781,665.784939,313.863638,351.233794,377.327576,452.228678,543.124349,666.594501
83.749940,80.26894251,80.67533340,0.63890671,0.63549140,0.62587336,0.55655547,4.37042391,3.15110245,4264.000000,inf,conduction,315.897047,353.493425,379.717638,454.837259,545.584395,665.691502,313.546787,350.877865,376.945786,451.780717,542.616282,666.486559
84.000216,80.42874319,80.84192939,0.63808646,0.63310165,0.62510763,0.68660627,3.39451942,0.89346128,4264.000000,inf,conduction,315.573532,353.130193,379.328265,454.381827,545.072377,665.597965,313.230308,350.522346,376.564427,451.333211,542.110457,666.372139
84.249924,80.58797650,81.00497223,0.63727129,0.63535632,0.62434669,0.60328202,4.06151598,2.42955885,4264.000000,inf,conduction,315.251870,352.769032,378.941101,453.928916,544.563046,665.504753,312.915633,350.168847,376.185226,450.888166,541.606831,666.265927
84.500201,80.74736867,81.15015448,0.63645746,0.63304119,0.62358706,0.54499658,4.50997770,3.50504258,4264.000000,inf,conduction,314.930587,352.408290,378.554374,453.476456,544.054076,665.411441,312.601322,349.815750,375.806446,450.443572,541.102224,666.159273
84.749908,80.90619599,81.31440659,0.63564864,0.63005904,0.62283218,0.65241123,3.52794162,1.23964805,4264.000000,inf,conduction,314.611137,352.049598,378.169836,453.026495,543.547771,665.318454,312.288797,349.464653,375.429802,450.001442,540.601676,666.043997
85.000185,81.06518285,81.48507206,0.63484113,0.63174279,0.62207858,0.97232736,2.69819554,-0.72125973,4264.000000,inf,conduction,314.292060,351.691316,377.785726,452.576974,543.041818,665.225368,311.976629,349.113949,375.053571,449.559728,540.101747,665.937352
85.249893,81.22360735,81.62315136,0.63403859,0.63042755,0.62132966,0.53554875,4.65611401,3.87621056,4264.000000,inf,conduction,313.974798,351.335065,377.403783,452.129929,542.538509,665.132607,311.666229,348.765227,374.679456,449.120450,539.602979,665.833049
85.500169,81.38219203,81.78550910,0.63323732,0.62655139,0.62058200,0.62192413,3.67364839,1.61976871,4264.000000,inf,conduction,313.657899,350.979215,377.022259,451.683316,542.035545,665.039747,311.356178,348.416889,374.305745,448.681606,539.105350,665.716091
85.749877,81.54021682,81.95427828,0.63244097,0.62771265,0.61983898,0.88102778,2.82175063,-0.38716871,4264.000000,inf,conduction,313.342799,350.625376,376.642881,451.239155,541.535203,664.947211,311.047879,348.070512,373.934129,448.245160,538.611172,665.609238
86.000154,81.69840242,82.09525401,0.63164587,0.62822404,0.61909718,0.52913113,4.79324681,4.22173604,4264.000000,inf,conduction,313.028055,350.271929,376.263914,450.795417,541.035197,664.854578,310.739921,347.724512,373.562909,447.809125,538.116017,665.507442
86.249861,81.85603058,82.25455528,0.63085563,0.62348641,0.61835996,0.59453233,3.83626415,2.03453685,4264.000000,inf,conduction,312.715091,349.920474,375.887072,450.354109,540.537792,664.762268,310.433697,347.380455,373.193763,447.375490,537.623578,665.389026
86.500138,82.01382017,82.42207310,0.63006661,0.62401036,0.61762395,0.80492455,2.95680610,-0.02981101,4264.000000,inf,conduction,312.402476,349.569404,375.510631,449.913214,540.040716,664.669861,310.127808,347.036766,372.825005,446.942254,537.132655,665.281122
86.749846,82.17105472,82.56610225,0.62928240,0.62709819,0.61689246,0.52696714,4.89782889,4.47906762,4264.000000,inf,conduction,312.091624,349.220306,375.136297,449.474728,539.546221,664.577777,309.823636,346.695002,372.458302,446.511375,536.643349,665.182901
87.000122,82.32845133,82.72239386,0.62849939,0.62304602,0.61616215,0.57096965,4.01132886,2.44920907,4264.000000,inf,conduction,311.781113,348.871584,374.762355,449.036646,539.052047,664.485597,309.519792,346.353598,372.091978,446.080904,536.153935,665.062427
87.249830,82.48529528,82.88774064,0.62772113,0.62181870,0.61543632,0.73992248,3.10794107,0.34835681,4264.000000,inf,conduction,311.472349,348.524816,374.390498,448.600952,538.560433,664.393739,309.217649,346.014100,371.727690,445.652777,535.668267,664.953472
87.500107,82.64230187,83.03702629,0.62694405,0.62563044,0.61471164,0.53255541,4.88657835,4.46908275,4264.000000,inf,conduction,311.163918,348.178415,374.019027,448.165652,538.069132,664.301786,308.915825,345.674955,371.363772,445.225026,535.182500,664.858216
87.749814,82.79875818,83.18840419,0.62617167,0.62266799,0.61399139,0.55090842,4.20193630,2.89956697,4264.000000,inf,conduction,310.857217,347.833951,373.649621,447.732719,537.580371,664.210155,308.615688,345.337698,371.001872,444.799606,534.698445,664.737055
88.000091,82.95537772,83.35211660,0.62540044,0.61967734,0.61327227,0.68561979,3.27256548,0.75753856,4264.000000,inf,conduction,310.550843,347.489846,373.280592,447.300172,537.091916,664.118429,308.315862,345.000787,370.640334,444.374569,534.215639,664.625855
88.249799,83.11144930,83.50927347,0.62463386,0.62276951,0.61255753,0.56750700,4.33471763,3.20923193,4264.000000,inf,conduction,310.246182,347.147659,372.913609,446.869970,536.605981,664.027025,308.017707,344.665745,370.280794,443.951825,533.735474,664.532048
88.500075,83.26768468,83.65348294,0.62386842,0.62068779,0.61184389,0.53500946,4.39974079,3.38461677,4264.000000,inf,conduction,309.941841,346.805824,372.546995,446.440146,536.120345,663.935527,307.719857,344.331041,369.921609,443.529453,533.254672,664.412735
88.749783,83.42337442,83.81451711,0.62310757,0.61661326,0.61113457,0.63948309,3.45550930,1.21987762,4264.000000,inf,conduction,309.639197,346.465888,372.182408,446.012646,535.637208,663.844349,307.423662,343.998190,369.564404,443.109371,532.776831,664.298779
89.000060,83.57922852,83.98164037,0.62234783,0.61916967,0.61042634,0.94249495,2.65721144,-0.67714091,4264.000000,inf,conduction,309.336866,346.126297,371.818182,445.585516,535.154363,663.753078,307.127766,343.665669,369.207545,442.689643,532.299878,664.204611
89.249767,83.73453927,84.11715150,0.62159264,0.61890953,0.60972240,0.52351177,4.59909766,3.87105090,4264.000000,inf,conduction,309.036217,345.788587,371.455965,445.160690,534.673998,663.662127,306.833508,343.334984,368.852649,442.272175,531.824566,664.090653
89.500044,83.89001492,84.27578842,0.62083853,0.61379823,0.60901951,0.60132979,3.65359955,1.71489529,4264.000000,inf,conduction,308.735873,345.451215,371.094100,444.736226,534.193918,663.571083,306.539543,343.004621,368.498091,441.855069,531.349520,663.971863
89.749752,84.04494948,84.44079665,0.62008893,0.61555329,0.60832085,0.83180383,2.82373229,-0.24709042,4264.000000,inf,conduction,308.437195,345.115707,370.734226,444.314045,533.716299,663.480360,306.247202,342.676078,368.145477,441.440202,530.877724,663.877311
90.000028,84.20004949,84.58050637,0.61934039,0.61727894,0.60762323,0.51774441,4.76959770,4.28829610,4264.000000,inf,conduction,308.138816,344.780529,370.374697,443.892217,533.238958,663.389543,305.955146,342.347850,367.793194,441.025674,530.405715,663.771330
90.249736,84.35461064,84.73530349,0.61859630,0.61268642,0.60692981,0.56970339,3.87096882,2.23606685,4264.000000,inf,conduction,307.842088,344.447198,370.017140,443.472653,532.764058,663.299047,305.664699,342.021425,367.442838,440.613376,529.935701,663.645752
90.500013,84.50933777,84.89875850,0.61785326,0.61264417,0.60623739,0.74634849,3.00504511,0.20970509,4264.000000,inf,conduction,307.545652,344.114190,369.659921,443.053435,532.289429,663.208458,305.374533,341.695309,367.092806,440.201417,529.466712,663.549725
90.749721,84.66352826,85.04364781,0.61711463,0.61504337,0.60554912,0.52105155,4.83068454,4.45618100,4264.000000,inf,conduction,307.250852,343.783012,369.304656,442.636461,531.817223,663.118188,305.085960,341.370978,366.744683,439.791654,529.000056,663.457099
90.999997,84.81788524,85.19395203,0.61637701,0.61090884,0.60486184,0.54468331,4.10174439,2.79603391,4264.000000,inf,conduction,306.956338,343.452150,368.949721,442.219825,531.345282,663.027826,304.797660,341.046949,366.396877,439.382224,528.533036,663.320255
91.250274,84.97205795,85.35522063,0.61564209,0.60925852,0.60417711,0.67882004,3.20423563,0.71365409,4264.000000,inf,conduction,306.662778,343.122353,368.595921,441.804471,530.874676,662.937578,304.510288,340.723957,366.050175,438.974057,528.067798,663.222012
91.499982,85.12569729,85.50960760,0.61491151,0.61282372,0.60349645,0.55693920,4.29259364,3.22141761,4264.000000,inf,conduction,306.370831,342.794362,368.244048,441.391333,530.406464,662.847649,304.224488,340.402726,365.705357,438.568059,527.605262,663.144531
91.750258,85.27950389,85.65158572,0.61418191,0.61142264,0.60281676,0.52587949,4.34223025,3.35320625,4264.000000,inf,conduction,306.079161,342.466675,367.892495,440.978521,529.938508,662.757628,303.938952,340.081788,365.360845,438.162379,527.142375,662.996203
91.999966,85.43277928,85.80991071,0.61345661,0.60612045,0.60214110,0.62482017,3.42456850,1.26433244,4264.000000,inf,conduction,305.789089,342.140778,367.542853,440.567905,529.472927,662.667926,303.654974,339.762595,365.018200,437.758861,526.681905,662.894358
92.250242,85.58622241,85.97419022,0.61273228,0.60923483,0.60146638,0.90609709,2.64549218,-0.59391008,4264.000000,inf,conduction,305.499288,341.815180,367.193523,440.157609,529.007595,662.578132,303.371256,339.443687,364.675854,437.355651,526.222243,662.817886
92.499950,85.73913646,86.10821496,0.61201220,0.61046411,0.60079566,0.51370463,4.57773849,3.91512764,4264.000000,inf,conduction,305.211070,341.491354,366.846086,439.749490,528.544621,662.488656,303.089080,339.126510,364.335358,436.954575,525.764533,662.675165
92.750227,85.89221874,86.26369167,0.61129307,0.60543690,0.60012585,0.58249292,3.66297628,1.82997769,4264.000000,inf,conduction,304.923118,341.167821,366.498955,439.341683,528.081889,662.399090,302.807159,338.809612,363.995155,436.553809,525.306786,662.566387
92.999935,86.04477406,86.42567305,0.61057815,0.60668270,0.59946000,0.78703291,2.84561628,-0.09706031,4264.000000,inf,conduction,304.636735,340.846044,366.153701,438.936035,527.621497,662.309840,302.526766,338.494428,363.656784,436.155162,524.851900,662.490106
93.250211,86.19749807,86.56518287,0.60986416,0.60795659,0.59879505,0.51019216,4.75282718,4.35288120,4264.000000,inf,conduction,304.350611,340.524553,365.808746,438.530692,527.161341,662.220501,302.246622,338.179517,363.318701,435.756808,524.397203,662.359849
93.499919,86.34969722,86.71599697,0.60915433,0.60379573,0.59813400,0.54945006,3.92264574,2.45605605,4264.000000,inf,conduction,304.066043,340.204804,365.465651,438.127490,526.703508,662.131478,301.967993,337.866306,362.982434,435.360557,523.944348,662.238583
93.750196,86.50206552,86.87615099,0.60844542,0.60285333,0.59747384,0.69950921,3.06394234,0.45662101,4264.000000,inf,conduction,303.781728,339.885334,365.122848,437.724585,526.245904,662.042365,301.689607,337.553362,362.646448,434.964601,523.492042,662.161485
93.999903,86.65391102,87.02349394,0.60774062,0.60512127,0.59681755,0.52494677,4.63666974,4.11257809,4264.000000,inf,conduction,303.498954,339.567590,364.781889,437.323804,525.790605,661.953568,301.412723,337.242101,362.312262,434.570723,523.042279,662.062924
94.250180,86.80592613,87.16778507,0.60703672,0.60290484,0.59616212,0.52521989,4.19463289,3.10260870,4264.000000,inf,conduction,303.216429,339.250119,364.441215,436.923313,525.335529,661.864682,301.136076,336.931102,361.978350,434.177129,522.592313,661.910770
94.499888,86.95742049,87.32498633,0.60633690,0.59882871,0.59551052,0.63297482,3.30566727,1.06724595,4264.000000,inf,conduction,302.935431,338.934359,364.102370,436.524927,524.882741,661.776111,300.860919,336.621773,361.646224,433.785605,522.144612,661.832166
94.750164,87.10908490,87.48764704,0.60563795,0.60243363,0.59485976,0.93547036,2.55831223,-0.72221189,4264.000000,inf,conduction,302.654675,338.618866,363.763803,436.126826,524.430172,661.687451,300.585992,336.312698,361.314365,433.394356,521.697554,661.775892
94.999872,87.26023059,87.61873676,0.60494305,0.60344468,0.59421279,0.50939389,4.46717805,3.73453092,4264.000000,inf,conduction,302.375434,338.305069,363.427049,435.730812,523.979872,661.599106,300.312542,336.005278,360.984276,433.005153,521.252514,661.583990
95.250149,87.41154677,87.77305067,0.60424900,0.59840861,0.59356665,0.58286423,3.56826027,1.68656598,4264.000000,inf,conduction,302.096430,337.991532,363.090567,435.335076,523.529785,661.510673,300.039318,335.698108,360.654448,432.616224,520.807431,661.501658
95.499856,87.56234624,87.93335366,0.60355895,0.60000796,0.59292427,0.79359679,2.77785348,-0.18132170,4264.000000,inf,conduction,301.818927,337.679677,362.755882,434.941410,523.081950,661.422553,299.767558,335.392578,360.326376,432.229328,520.364949,661.447153
95.750133,87.71331661,88.07026762,0.60286974,0.60092734,0.59228269,0.50374462,4.68376379,4.26952429,4264.000000,inf,conduction,301.541655,337.368077,362.421463,434.548016,522.634323,661.334345,299.496018,335.087291,359.998558,431.842691,519.922720,661.259631
95.999841,87.86377227,88.21980991,0.60218449,0.59683878,0.59164482,0.54516666,3.85483027,2.37481476,4264.000000,inf,conduction,301.265871,337.058144,362.088825,434.156674,522.188931,661.246451,299.225929,334.783631,359.672480,431.458072,519.482351,661.169995
96.250117,88.01439925,88.37818581,0.60150007,0.59586691,0.59100775,0.69442918,3.01812595,0.42720032,4264.000000,inf,conduction,300.990314,336.748459,361.756448,433.765597,521.743741,661.158469,298.956056,334.480209,359.346651,431.073712,519.042338,661.116895
96.499825,88.16451348,88.52365318,0.60081956,0.59755417,0.59037435,0.51851031,4.58954121,4.08655424,4264.000000,inf,conduction,300.716232,336.440427,361.425836,433.376557,521.300771,661.070799,298.687621,334.178400,359.022547,430.691349,518.604785,660.948463
96.750102,88.31479944,88.66626407,0.60013986,0.59572166,0.58974173,0.51856154,4.15545426,3.09091639,4264.000000,inf,conduction,300.442371,336.132639,361.095479,432.987775,520.857996,660.983043,298.419397,333.876822,358.698687,430.309235,518.167158,660.836489
96.999809,88.46457461,88.82153160,0.59946405,0.59234356,0.58911274,0.62210353,3.28455086,1.09005595,4264.000000,inf,conduction,300.169972,335.826488,360.766873,432.601013,520.417424,660.895598,298.152599,333.576844,358.376537,429.929107,517.731612,660.784963
97.250086,88.61452190,88.98216971,0.59878902,0.59572261,0.58848452,0.90834422,2.55028749,-0.66624280,4264.000000,inf,conduction,299.897789,335.520576,360.438515,432.214503,519.977043,660.808066,297.886007,333.277092,358.054625,429.549224,517.296581,660.750212
97.499794,88.76396033,89.11220673,0.59811784,0.59655159,0.58785990,0.50233275,4.45276088,3.77756551,4264.000000,inf,conduction,299.627056,335.216287,360.111894,431.829996,519.538849,660.720845,297.620829,332.978925,357.734409,429.171304,516.863644,660.500634
97.750070,88.91357127,89.26428279,0.59744743,0.59180630,0.58723602,0.56955645,3.57468636,1.77514875,4264.000000,inf,conduction,299.356535,334.912231,359.785515,431.445736,519.100840,660.633539,297.355851,332.680981,357.414425,428.793625,516.430640,660.450650
97.999778,89.06267527,89.42243787,0.59678083,0.59297170,0.58661571,0.76290963,2.79302749,-0.06742955,4264.000000,inf,conduction,299.087451,334.609786,359.460857,431.063463,518.665001,660.546542,297.092276,332.384607,357.096122,428.417898,515.999987,660.419699
98.250055,89.21195216,89.55932802,0.59611499,0.59379940,0.58599612,0.49897546,4.66280972,4.29987423,4264.000000,inf,conduction,298.818573,334.307567,359.136437,430.681429,518.229343,660.459459,296.828897,332.088451,356.778047,428.042402,515.569659,660.172314
98.499763,89.36072400,89.70596679,0.59545292,0.59042016,0.58538007,0.53163456,3.89051618,2.52983861,4264.000000,inf,conduction,298.551120,334.006945,358.813723,430.301368,517.795839,660.372687,296.566908,331.793852,356.461639,427.668839,515.141213,660.144613
98.750039,89.50966912,89.86198572,0.59479159,0.58838188,0.58476473,0.66434481,3.05966549,0.60780406,4264.000000,inf,conduction,298.283869,333.706545,358.491242,429.921540,517.362510,660.285828,296.305110,331.499466,356.145452,427.295507,514.712937,660.128888
98.999747,89.65811105,90.01042961,0.59413399,0.59026528,0.58415288,0.53441981,4.20278826,3.26248636,4264.000000,inf,conduction,298.018031,333.407728,358.170452,429.543668,516.931321,660.199279,296.044691,331.206624,355.830918,426.924093,514.287029,659.011792
99.250023,89.80672663,90.14767685,0.59347712,0.59014375,0.58354173,0.50655342,4.21753173,3.29834942,4264.000000,inf,conduction,297.752390,333.109128,357.849890,429.166024,516.500301,660.112644,295.784459,330.913989,355.516601,426.552899,513.861179,658.952582
99.499731,89.95484089,90.30024235,0.59282395,0.58698096,0.58293405,0.59455169,3.35571165,1.31635169,4264.000000,inf,conduction,297.488149,332.812098,357.531005,428.790321,516.071405,660.026317,295.525594,330.622886,355.203924,426.183610,513.437258,659.063257
99.750008,90.10312915,90.45847468,0.59217150,0.58880851,0.58232704,0.83490039,2.61750322,-0.43189935,4264.000000,inf,conduction,297.224102,332.515280,357.212342,428.414840,515.642674,659.683580,295.266911,330.331985,354.891458,425.814538,513.013702,659.146734
100.000284,90.25125439,90.58979028,0.59152123,0.59005917,0.58172209,0.49408483,4.51758212,4.00160733,4264.000000,inf,conduction,296.960846,332.219346,356.894622,428.040433,515.215081,659.229452,295.008999,330.041945,354.579911,425.446517,512.591345,657.077097
100.249992,90.39888106,90.73814257,0.59087461,0.58598310,0.58112056,0.54552508,3.67790500,2.08161145,4264.000000,inf,conduction,296.698973,331.924963,356.578560,427.667944,514.789588,658.777262,294.752435,329.753419,354.269984,425.080378,512.170856,657.249799
100.500269,90.54668226,90.89402947,0.59022868,0.58525823,0.58051968,0.70522627,2.88713845,0.23877053,4264.000000,inf,conduction,296.437286,331.630784,356.262711,427.295669,514.364253,658.324947,294.496048,329.465086,353.960260,424.714448,511.750562,657.416888
100.749977,90.69398671,91.03386606,0.58958636,0.58641712,0.57992219,0.50104877,4.59557106,4.22472074,4264.000000,inf,conduction,296.176971,331.338142,355.948506,426.925296,513.941003,657.874560,294.241000,329.178255,353.652143,424.350384,511.332521,655.761623
101.000253,90.84146603,91.17567048,0.58894471,0.58528303,0.57932534,0.51222882,4.02238016,2.89570835,4264.000000,inf,conduction,295.916837,331.045700,355.634509,426.555132,513.517907,657.424047,293.986123,328.891614,353.344224,423.986521,510.914518,655.614648
101.249961,90.98845039,91.32833854,0.58830665,0.58306609,0.57873183,0.61752110,3.18774586,0.96680774,4264.000000,inf,conduction,295.658064,330.754783,355.322143,426.186855,513.096881,656.975454,293.732574,328.606460,353.037899,423.624510,510.498444,655.740110
101.500237,91.13560997,91.48600206,0.58766925,0.58450745,0.57813896,0.90278936,2.48579675,-0.69227096,4264.000000,inf,conduction,295.399468,330.464060,355.009980,425.818781,512.676003,656.526734,293.479193,328.321492,352.731766,423.262698,510.082692,655.848926
101.749945,91.28227636,91.61311808,0.58703539,0.58430329,0.57754941,0.49292882,4.36566144,3.71012599,4264.000000,inf,conduction,295.142221,330.174849,354.699434,425.452580,512.257180,656.079925,293.227128,328.038001,352.427215,422.902721,509.669011,654.085227
102.000222,91.42911829,91.76232553,0.58640218,0.58115389,0.57696047,0.55748469,3.51749509,1.75993781,4264.000000,inf,conduction,294.885147,329.885829,354.389086,425.086577,511.838502,655.632988,292.975227,327.754690,352.122852,422.542936,509.255304,654.106514
102.249930,91.57546881,91.91736362,0.58577249,0.58159689,0.57637482,0.73939724,2.76154402,-0.01442061,4264.000000,inf,conduction,294.629411,329.598308,354.080343,424.722431,511.421864,655.187952,292.724632,327.472843,351.820057,422.184976,508.843662,654.187229
102.500206,91.72199519,92.05257226,0.58514342,0.58232373,0.57578977,0.49063788,4.59013839,4.25759981,4264.000000,inf,conduction,294.373844,329.310973,353.771793,424.358480,511.005366,654.742787,292.474196,327.191172,351.517445,421.827202,508.432306,652.813682
102.749914,91.86803190,92.19561854,0.58451784,0.58021791,0.57520797,0.51677092,3.87693441,2.61168845,4264.000000,inf,conduction,294.119604,329.025125,353.464834,423.996371,510.590894,654.299515,292.225056,326.910954,351.216389,421.471235,508.022855,652.536749
103.000191,92.01424478,92.34825643,0.58389288,0.57867318,0.57462677,0.63514466,3.06666463,0.73232930,4264.000000,inf,conduction,293.865529,328.739459,353.158064,423.634450,510.176557,653.856114,291.976072,326.630907,350.915512,421.115452,507.613448,652.561919
103.249898,92.15996973,92.50073683,0.58327137,0.57938334,0.57404879,0.62808608,2.94237455,0.43349827,4264.000000,inf,conduction,293.612770,328.455268,352.852872,423.274358,509.764232,653.414596,291.728372,326.352302,350.616178,420.761463,507.206174,652.588090
103.500175,92.30587116,92.62948589,0.58265047,0.57873213,0.57347139,0.49237572,4.24335822,3.48591150,4264.000000,inf,conduction,293.360172,328.171253,352.547864,422.914450,509.352037,652.972947,291.480824,326.073864,350.317019,420.407651,506.799059,651.078499
103.749883,92.45128637,92.77818184,0.58203298,0.57644355,0.57289718,0.56515253,3.40679024,1.55328273,4264.000000,inf,conduction,293.108879,327.888702,352.244422,422.556357,508.941841,652.533173,291.234550,325.796855,350.019390,420.055619,506.393781,650.984300
104.000159,92.59687836,92.93281351,0.58141609,0.57750174,0.57232354,0.76335380,2.67438620,-0.17281249,4264.000000,inf,conduction,292.857743,327.606324,351.941160,422.198442,508.531770,652.093268,290.988425,325.520009,349.721931,419.703761,505.988667,650.992052
104.249867,92.74198584,93.06454058,0.58080259,0.57807859,0.57175306,0.48512272,4.53358000,4.17250143,4264.000000,inf,conduction,292.607902,327.325397,351.639451,421.842328,508.123684,651.655229,290.743563,325.244581,349.425991,419.353670,505.585636,649.862634
104.500144,92.88727038,93.20816842,0.58018966,0.57579169,0.57118313,0.51888110,3.77669804,2.42637180,4264.000000,inf,conduction,292.358215,327.044638,351.337916,421.486387,507.715719,651.217057,290.498847,324.969312,349.130217,419.003745,505.182647,649.476901
104.749851,93.03207210,93.35974525,0.57958010,0.57475463,0.57061634,0.64442741,2.98927998,0.59484585,4264.000000,inf,conduction,292.109812,326.765320,351.037923,421.132234,507.309725,650.780743,290.255384,324.695450,348.835949,418.655575,504.781531,649.417019
105.000128,93.17705118,93.50649455,0.57897110,0.57511943,0.57005009,0.53512305,3.86844927,2.64861827,4264.000000,inf,conduction,291.861558,326.486165,350.738101,420.778250,506.903848,650.344295,290.012062,324.421743,348.541843,418.307568,504.380644,649.305971
105.249836,93.32154911,93.63811683,0.57836543,0.57429119,0.56948695,0.49076085,4.16373257,3.34900144,4264.000000,inf,conduction,291.614579,326.208439,350.439807,420.426040,506.499928,649.909695,289.769983,324.149431,348.249231,417.961301,503.981724,648.087994
105.500112,93.46622467,93.78649433,0.57776032,0.57259619,0.56892433,0.56760055,3.33815764,1.43549198,4264.000000,inf,conduction,291.367745,325.930873,350.141679,420.073994,506.096120,649.474961,289.528042,323.877270,347.956777,417.615192,503.582804,647.894682
105.749820,93.61042073,93.93980748,0.57715850,0.57309324,0.56836479,0.77204322,2.62494144,-0.23944081,4264.000000,inf,conduction,291.122175,325.654724,349.845069,419.723708,505.694257,649.042067,289.287335,323.606494,347.665805,417.270811,503.185826,647.836959
106.000097,93.75479471,94.06996945,0.57655723,0.57343599,0.56780577,0.48107199,4.48467258,4.10973847,4264.000000,inf,conduction,290.876747,325.378731,349.548620,419.373582,505.292502,648.609038,289.046762,323.335865,347.374987,416.926584,502.789061,646.932123
106.249804,93.89869082,94.21271322,0.57595923,0.57190283,0.56724980,0.51733641,3.72329572,2.34469207,4264.000000,inf,conduction,290.632573,325.104145,349.253676,419.025203,504.892677,648.177840,288.807414,323.066610,347.085641,416.584070,502.394150,646.449583
106.500081,94.04276513,94.36364683,0.57536176,0.57117883,0.56669434,0.64465908,2.94880678,0.53994180,4264.000000,inf,conduction,290.388538,324.829710,348.958890,418.676979,504.492957,647.746505,288.568195,322.797498,346.796443,416.241707,501.999271,646.312352
106.749789,94.18636320,94.50806500,0.57476753,0.57125803,0.56614190,0.52391982,3.95337143,2.89040320,4264.000000,inf,conduction,290.145747,324.556670,348.665597,418.330490,504.095154,647.316993,288.330191,322.529748,346.508705,415.901045,501.606372,646.206717
107.000065,94.33013972,94.63970714,0.57417382,0.57032575,0.56558995,0.48753981,4.12453517,3.30142362,4264.000000,inf,conduction,289.903091,324.283778,348.372458,417.984151,503.697452,646.887344,288.092314,322.262139,346.221113,415.560528,501.213614,645.129599
107.249773,94.47344162,94.78670914,0.57358332,0.56912851,0.56504100,0.56363646,3.31230030,1.41359424,4264.000000,inf,conduction,289.661669,324.012271,348.080800,417.639533,503.301654,646.459509,287.855643,321.995881,345.934969,415.221699,500.822649,644.846157
107.500050,94.61692223,94.93921878,0.57299333,0.56807237,0.56449253,0.76525684,2.60771579,-0.22383394,4264.000000,inf,conduction,289.420378,323.740907,347.789292,417.295062,502.905952,646.031536,287.619095,321.729759,345.648967,414.883012,500.431780,644.726588
107.749758,94.75992981,95.06822097,0.57240653,0.56837269,0.56394703,0.47760215,4.45876381,4.10549363,4264.000000,inf,conduction,289.180313,323.470917,347.499255,416.952299,502.512142,645.605368,287.383742,321.464980,345.364402,414.546001,500.042870,644.039567
108.000034,94.90311635,95.21006502,0.57182022,0.56863302,0.56340201,0.51222910,3.71077616,2.35180963,4264.000000,inf,conduction,288.940375,323.201068,347.209363,416.609679,502.118424,645.179062,287.148510,321.200332,345.079974,414.209126,499.654025,643.463954
108.249742,95.04583146,95.35943001,0.57123707,0.56810742,0.56285992,0.63472431,2.94632179,0.56833693,4264.000000,inf,conduction,288.701653,322.932581,346.920930,416.268754,501.726585,644.754552,286.914465,320.937016,344.796973,413.873916,499.266967,643.253669
108.500018,95.18872578,95.50491677,0.57065441,0.56768999,0.56231830,0.53658295,3.67670164,2.28255698,4264.000000,inf,conduction,288.463055,322.664231,346.632638,415.927968,501.334835,644.329902,286.680537,320.673828,344.514106,413.538838,498.880054,643.136031
108.749726,95.33115022,95.63374924,0.57007488,0.56656412,0.56177960,0.48250103,4.12814831,3.35178061,4264.000000,inf,conduction,288.225663,322.397233,346.345795,415.588864,500.944950,643.907041,286.447786,320.411962,344.232654,413.205411,498.495034,642.216146
109.000003,95.47375412,95.77968589,0.56949582,0.56507460,0.56124134,0.55402888,3.32387037,1.48583127,4264.000000,inf,conduction,287.988392,322.130368,346.059089,415.249895,500.555151,643.484039,286.215149,320.150220,343.951333,412.872113,498.110035,641.844663
109.250279,95.61621331,95.93087504,0.56891856,0.56449235,0.56070476,0.74316896,2.62280689,-0.14863398,4264.000000,inf,conduction,287.751781,321.864241,345.773172,414.911829,500.166322,643.061858,285.983154,319.889198,343.670779,412.539700,497.725974,641.664912
109.499987,95.75820497,96.06010007,0.56834438,0.56432224,0.56017106,0.47486419,4.44996889,4.13002462,4264.000000,inf,conduction,287.516362,321.599452,345.488686,414.575427,499.779340,642.641453,285.752322,319.629482,343.391625,412.208921,497.343812,641.181732
109.750264,95.90037643,96.20007246,0.56777066,0.56447001,0.55963779,0.50375977,3.73943545,2.46526196,4264.000000,inf,conduction,287.281059,321.334789,345.204332,414.239154,499.392438,642.220907,285.521600,319.369885,343.112596,411.878264,496.961728,640.527733
109.999972,96.04208189,96.34797912,0.56720001,0.56407155,0.55910737,0.61658631,2.97756694,0.68642560,4264.000000,inf,conduction,287.046939,321.071454,344.921399,413.904533,499.007370,641.802127,285.292033,319.111585,342.834956,411.549228,496.581392,640.245145
110.250248,96.18396738,96.50000000,0.56662980,0.56304549,0.55857739,0.91326993,2.11857693,-1.31274833,4264.000000,inf,conduction,286.812933,320.808242,344.638594,413.570037,498.622378,641.383205,285.062572,318.853402,342.557436,411.220312,496.201160,640.078726
110.499956,96.32538840,96.62112158,0.56606264,0.56183329,0.55805023,0.47631586,4.16782114,3.49733661,4264.000000,inf,conduction,286.580100,320.546348,344.357199,413.237181,498.239209,640.966041,284.834258,318.596505,342.281296,410.893005,495.822785,639.351220
110.750233,96.46698967,96.76528504,0.56549591,0.56152365,0.55752348,0.53947895,3.37383830,1.64234227,4264.000000,inf,conduction,286.347377,320.284573,344.075929,412.904445,497.856113,640.548734,284.606047,318.339721,342.005272,410.565813,495.444441,638.895811
110.999940,96.60812797,96.91463236,0.56493219,0.56059476,0.55699954,0.70831506,2.67127746,0.00823337,4264.000000,inf,conduction,286.115820,320.024106,343.796058,412.573337,497.474826,640.133178,284.378973,318.084214,341.730617,410.240219,495.067850,638.655966
111.250217,96.74944675,97.04571851,0.56436891,0.56002942,0.55647601,0.47424116,4.43537661,4.14368569,4264.000000,inf,conduction,285.884369,319.763756,343.516308,412.242347,497.093609,639.717477,284.151999,317.828817,341.456076,409.914737,494.691383,638.343896
111.499925,96.89030406,97.18264720,0.56380861,0.55975120,0.55595526,0.49270327,3.80981071,2.68254807,4264.000000,inf,conduction,285.654075,319.504703,343.237948,411.912973,496.714190,639.303519,283.926155,317.574687,341.182894,409.590840,494.316711,637.647284
111.750201,97.03134206,97.32915906,0.56324873,0.55961007,0.55543490,0.59190637,3.04412255,0.89190488,4264.000000,inf,conduction,285.423884,319.245763,342.959705,411.583712,496.334837,638.889415,283.700408,317.320664,340.909821,409.267051,493.942053,637.291139
111.999909,97.17192007,97.47946223,0.56269181,0.55762412,0.55491730,0.84626577,2.40090426,-0.59152906,4264.000000,inf,conduction,285.194841,318.988111,342.682841,411.256056,495.957270,638.477046,283.475782,317.067899,340.638097,408.944839,493.569160,637.073564
112.250186,97.31267898,97.60183302,0.56213530,0.55661284,0.55440009,0.46995789,4.23864236,3.72125419,4264.000000,inf,conduction,284.965900,318.730569,342.406091,410.928509,495.579766,638.064531,283.251250,316.815237,340.366480,408.622729,493.196384,636.535047
112.499893,97.45297939,97.74341545,0.56158173,0.55751320,0.55388561,0.52133958,3.46396024,1.89795842,4264.000000,inf,conduction,284.738097,318.474306,342.130709,410.602556,495.204036,637.653741,283.027830,316.563824,340.096202,408.302183,492.825346,636.004851
112.750170,97.59346089,97.89140102,0.56102856,0.55793744,0.55337152,0.66635084,2.75081069,0.22399278,4264.000000,inf,conduction,284.510392,318.218149,341.855439,410.276708,494.828366,637.242805,282.804502,316.312511,339.826027,407.981738,492.454324,635.702367
112.999878,97.73348534,98.02568209,0.56047830,0.55725349,0.55286012,0.48046384,4.32344993,3.91262382,4264.000000,inf,conduction,284.283818,317.963261,341.581526,409.952443,494.454458,636.833586,282.582278,316.062438,339.557180,407.662846,492.085074,635.478108
113.250154,97.87369109,98.15874997,0.55992844,0.55598887,0.55234911,0.48068588,3.91631465,2.97374506,4264.000000,inf,conduction,284.057339,317.708477,341.307722,409.628280,494.080606,636.424220,282.360143,315.812462,339.288435,407.344051,491.715914,634.822782
113.499862,98.01344125,98.30287577,0.55938146,0.55621731,0.55184077,0.56304039,3.14850932,1.17402988,4264.000000,inf,conduction,283.831982,317.454951,341.035265,409.305688,493.708506,636.016564,282.139104,315.563716,339.021008,407.026797,491.348450,634.396060
113.750139,98.15337290,98.45183722,0.55883486,0.55379520,0.55133280,0.77299727,2.49071620,-0.33866051,4264.000000,inf,conduction,283.606718,317.201527,340.762913,408.983195,493.336458,635.608759,281.918152,315.315064,338.753678,406.709637,490.981018,634.124473
113.999846,98.29285039,98.57609001,0.55829113,0.55277755,0.55082749,0.46521027,4.32403784,3.96385623,4264.000000,inf,conduction,283.382567,316.949353,340.491900,408.662261,492.966151,635.202656,281.698287,315.067634,338.487658,406.394008,490.615347,633.754270
114.250123,98.43250955,98.71503027,0.55774777,0.55424253,0.55032254,0.50192885,3.59108780,2.23195185,4264.000000,inf,conduction,283.158506,316.697276,340.220987,408.341423,492.595893,634.796403,281.478506,314.820295,338.221732,406.078468,490.249736,633.172973
114.499831,98.57171599,98.86073611,0.55720726,0.55471965,0.54982022,0.62068329,2.86585580,0.52911623,4264.000000,inf,conduction,282.935551,316.446440,339.951404,408.022134,492.227364,634.391845,281.259804,314.574169,337.957106,405.764449,489.885792,632.808212
114.750107,98.71110429,99.00348087,0.55666711,0.55298455,0.54931826,0.53496533,3.42647817,1.86066903,4264.000000,inf,conduction,282.712683,316.195699,339.681918,407.702936,491.858881,633.987135,281.041184,314.328131,337.692571,405.450517,489.521899,632.555162
114.999815,98.85004127,99.12814237,0.55612977,0.55173274,0.54881891,0.46920089,4.05734033,3.35124607,4264.000000,inf,conduction,282.490912,315.946189,339.413752,407.385277,491.492116,633.584113,280.823635,314.083297,337.429327,405.138095,489.159743,632.052129
115.250092,98.98916030,99.27007794,0.55559280,0.55288436,0.54831989,0.53333082,3.28908207,1.54018756,4264.000000,inf,conduction,282.269226,315.696771,339.145680,407.067705,491.125394,633.180938,280.606165,313.838548,337.166170,404.825755,488.797616,631.561325
115.499799,99.12782942,99.41682424,0.55505861,0.55110485,0.54782348,0.69970201,2.61393851,-0.02027198,4264.000000,inf,conduction,282.048629,315.448576,338.878918,406.751662,490.760379,632.779443,280.389760,313.594994,336.904295,404.514915,488.437145,631.235078
115.750076,99.26668075,99.54541417,0.55452478,0.54945585,0.54732739,0.46577076,4.36094812,4.08725013,4264.000000,inf,conduction,281.828113,315.200470,338.612247,406.435703,490.395404,632.377795,280.173430,313.351523,336.642505,404.204155,488.076736,630.962797
115.999784,99.40508356,99.67983168,0.55399372,0.55006863,0.54683388,0.48290205,3.75821341,2.66962794,4264.000000,inf,conduction,281.608680,314.953578,338.346878,406.121262,490.032125,631.977818,279.958156,313.109238,336.381987,403.894884,487.718028,630.401297
116.250060,99.54366877,99.82358344,0.55346300,0.55082186,0.54634069,0.57606144,3.01577951,0.92345310,4264.000000,inf,conduction,281.389325,314.706772,338.081596,405.806902,489.668883,631.577687,279.742956,312.867033,336.121552,403.585689,487.359332,629.974877
116.499768,99.68180683,99.97103223,0.55293502,0.54805564,0.54585006,0.80980111,2.38953790,-0.51155297,4264.000000,inf,conduction,281.171044,314.461171,337.817606,405.494049,489.307326,631.179220,279.528805,312.626007,335.862379,403.277974,487.002284,629.673452
116.750045,99.82012746,100.09206636,0.55240738,0.54684063,0.54535974,0.46071366,4.21220935,3.76823362,4264.000000,inf,conduction,280.952840,314.215653,337.553701,405.181274,488.945803,630.780598,279.314725,312.385057,335.603286,402.970332,486.645301,629.313380
116.999753,99.95800231,100.23043281,0.55188247,0.54903132,0.54487195,0.50472537,3.47087712,2.00862593,4264.000000,inf,conduction,280.735702,313.971331,337.291078,404.869995,488.585955,630.383632,279.101687,312.145277,335.345447,402.664158,486.289981,628.789218
117.250029,100.09605990,100.37536678,0.55135788,0.54881592,0.54438447,0.63263366,2.77065803,0.37205078,4264.000000,inf,conduction,280.518638,313.727090,337.028538,404.558792,488.226138,629.986511,278.888717,311.905571,335.087684,402.358055,485.934663,628.406620
117.499737,100.23367305,100.51172459,0.55083600,0.54644011,0.54389950,0.49018092,3.97742704,3.22314946,4264.000000,inf,conduction,280.302632,313.484038,336.767271,404.249075,487.867985,629.591038,278.676781,311.667027,334.831167,402.053410,485.580989,628.121632
117.750014,100.37146911,100.63895535,0.55031444,0.54590384,0.54341483,0.46670295,3.95673224,3.18068343,4264.000000,inf,conduction,280.086698,313.241062,336.506084,403.939430,487.509860,629.195409,278.464911,311.428554,334.574723,401.748833,485.227373,627.678463
117.999721,100.50882209,100.77958771,0.54979555,0.54768139,0.54293265,0.53465201,3.20662351,1.40513476,4264.000000,inf,conduction,279.871815,312.999267,336.246160,403.631261,487.153388,628.801420,278.254068,311.191235,334.319516,401.445704,484.875384,627.205068
118.249998,100.64635811,100.92531588,0.54927698,0.54483995,0.54245077,0.70733725,2.55137855,-0.09692046,4264.000000,inf,conduction,279.657001,312.757546,335.986314,403.323161,486.796943,628.407274,278.043288,310.953985,334.064379,401.142640,484.523396,626.852623
118.500274,100.78376454,101.05132144,0.54875990,0.54335370,0.54197026,0.45938237,4.31539180,4.04858850,4264.000000,inf,conduction,279.442744,312.516450,335.727134,403.015829,486.441332,628.013868,277.833051,310.717343,333.809894,400.840329,484.172246,626.562472
118.749982,100.92072990,101.18502094,0.54824546,0.54445672,0.54149222,0.47984427,3.69053470,2.57372467,4264.000000,inf,conduction,279.229526,312.276520,335.469205,402.709958,486.087359,627.622091,277.623830,310.481841,333.556631,400.539451,483.822735,626.073271
119.000259,101.05787853,101.32742277,0.54773133,0.54571902,0.54101446,0.57382142,2.96590571,0.86355462,4264.000000,inf,conduction,279.016374,312.036661,335.211349,402.404152,485.733408,627.230156,277.414669,310.246406,333.303436,400.238634,483.473231,625.641066
119.249967,101.19458741,101.47335847,0.54721982,0.54285851,0.54053914,0.80730741,2.35519232,-0.53405485,4264.000000,inf,conduction,278.804255,311.797962,334.954734,402.099797,485.381084,626.839842,277.206517,310.012103,333.051455,399.939240,483.125317,625.310620
119.500243,101.33147971,101.59284908,0.54670861,0.54128783,0.54006409,0.45590559,4.16572029,3.72126973,4264.000000,inf,conduction,278.592199,311.559331,334.698190,401.795504,485.028780,626.449370,276.998423,309.777863,332.799539,399.639904,482.777443,624.978322
119.749951,101.46793357,101.72979616,0.54620001,0.54367725,0.53959147,0.49912814,3.43781636,1.99087952,4264.000000,inf,conduction,278.381167,311.321850,334.442879,401.492652,484.678092,626.060511,276.791330,309.544748,332.548830,399.341983,482.431178,624.494798
120.000228,101.60457100,101.87315765,0.54569169,0.54303841,0.53911912,0.62326590,2.75080085,0.38992603,4264.000000,inf,conduction,278.170197,311.084436,334.187635,401.189859,484.327421,625.671493,276.584294,309.311694,332.298182,399.044115,482.084909,624.094673
120.249935,101.74077129,102.00915379,0.54518596,0.53920247,0.53864916,0.49174663,3.83008828,2.95889781,4264.000000,inf,conduction,277.960245,310.848164,333.933616,400.888498,483.978356,625.284082,276.378252,309.079756,332.048733,398.747654,481.740221,623.779272
120.500212,101.87715529,102.13413146,0.54468051,0.53947348,0.53817947,0.46068347,3.94199387,3.21781201,4264.000000,inf,conduction,277.750352,310.611956,333.679662,400.587192,483.629306,624.896510,276.172264,308.847878,331.799343,398.451243,481.395569,623.397921
120.749920,102.01310343,102.27303100,0.54417762,0.54295460,0.53771216,0.52438663,3.20535585,1.45481800,4264.000000,inf,conduction,277.541469,310.376883,333.426924,400.287309,483.281852,624.510537,275.967264,308.617108,331.551143,398.156229,481.052497,622.938338
121.000196,102.14923542,102.41704048,0.54367501,0.54074529,0.53724511,0.68575078,2.55764408,-0.03664568,4264.000000,inf,conduction,277.332643,310.141871,333.174248,399.987478,482.934410,624.124403,275.762315,308.386395,331.303000,397.861263,480.709415,622.562293
121.249904,102.28493283,102.54285647,0.54317494,0.53786898,0.53678042,0.45665633,4.27368527,4.01206068,4264.000000,inf,conduction,277.124821,309.907985,332.922780,399.689061,482.588555,623.739862,275.558347,308.156783,331.056039,397.567684,480.367904,622.255472
121.500181,102.42081422,102.67440893,0.54267514,0.53897420,0.53631598,0.47089617,3.70995609,2.68025185,4264.000000,inf,conduction,276.917053,309.674159,332.671372,399.390694,482.242709,623.355158,275.354429,307.927225,330.809132,397.274151,480.026422,621.834356
121.749888,102.55626231,102.81457699,0.54217787,0.54090414,0.53585388,0.55589784,2.99427596,0.98359143,4264.000000,inf,conduction,276.710281,309.441451,332.421163,399.093730,481.898440,622.972039,275.151485,307.698761,330.563399,396.981996,479.686491,621.400136
122.000165,102.69189451,102.95901940,0.54168086,0.53806706,0.53539202,0.76512614,2.38421011,-0.41276346,4264.000000,inf,conduction,276.503563,309.208800,332.171012,398.796814,481.554177,622.588757,274.948589,307.470348,330.317717,396.689884,479.346551,621.042226
122.249873,102.82709466,103.07857300,0.54118635,0.53582963,0.53493250,0.45058383,4.18466651,3.82641381,4264.000000,inf,conduction,276.297834,308.977260,331.922052,398.501292,481.211483,622.207052,274.746660,307.243022,330.073202,396.399140,479.008167,620.726981
122.500149,102.96247905,103.21332200,0.54069210,0.53798356,0.53447320,0.48557770,3.48850675,2.17294896,4264.000000,inf,conduction,276.092155,308.745775,331.673147,398.205814,480.868791,621.825184,274.544777,307.015745,329.828736,396.108437,478.669803,620.289535
122.749857,103.09743265,103.35434135,0.54020033,0.53797838,0.53401622,0.59429170,2.80367260,0.57004312,4264.000000,inf,conduction,275.887459,308.515393,331.425425,397.911722,480.527659,621.444886,274.343854,306.789548,329.585429,395.819094,478.332966,619.877522
123.000134,103.23257060,103.49906064,0.53970881,0.53424792,0.53355947,0.86732164,2.22837487,-0.73498019,4264.000000,inf,conduction,275.682812,308.285063,331.177755,397.617673,480.186527,621.064424,274.142975,306.563397,329.342168,395.529789,477.996120,619.533381
123.249841,103.36727900,103.61398706,0.53921976,0.53373278,0.53310501,0.45204180,4.00718132,3.43433774,4264.000000,inf,conduction,275.479140,308.055829,330.931261,397.324999,479.846944,620.685525,273.943051,306.338319,329.100058,395.241834,477.660816,619.197721
123.500118,103.50217189,103.75067052,0.53873095,0.53683991,0.53265077,0.50432037,3.28358327,1.70603166,4264.000000,inf,conduction,275.275515,307.826645,330.684816,397.032365,479.507360,620.306461,273.743167,306.113285,328.857992,394.953915,477.325520,618.762298
123.749826,103.63663644,103.89226391,0.53824459,0.53515867,0.53219880,0.64054294,2.63195669,0.19952270,4264.000000,inf,conduction,275.072860,307.598549,330.439540,396.741098,479.169316,619.928953,273.544232,305.889316,328.617069,394.667338,476.991731,618.368642
124.000102,103.77128560,104.02196536,0.53775846,0.53069214,0.53174705,0.46330334,4.11812750,3.72789382,4264.000000,inf,conduction,274.870249,307.370501,330.194310,396.449868,478.831267,619.551279,273.345336,305.665389,328.376189,394.380794,476.657932,618.035041
124.249810,103.90550765,104.14838760,0.53727477,0.53185824,0.53129756,0.45790831,3.81245022,2.99941859,4264.000000,inf,conduction,274.668601,307.143534,329.950240,396.159996,478.494750,619.175155,273.147382,305.442520,328.136444,394.095584,476.325659,617.676620
124.500087,104.03991441,104.28633357,0.53679130,0.53581768,0.53084828,0.52697398,3.09654589,1.27962720,4264.000000,inf,conduction,274.466995,306.916613,329.706216,395.870159,478.158226,618.798863,272.949466,305.219691,327.896739,393.810404,475.993384,617.250980
124.749795,104.17389529,104.42830542,0.53631025,0.53328294,0.53040124,0.69602234,2.47738306,-0.14138824,4264.000000,inf,conduction,274.266345,306.690765,329.463343,395.581671,477.823223,618.424114,272.752485,304.997914,327.658161,393.526548,475.662597,616.872213
125.000071,104.30806098,104.55102619,0.53582942,0.52976640,0.52995440,0.44828097,4.21752157,3.97085304,4264.000000,inf,conduction,274.065736,306.464961,329.220514,395.293216,477.488212,618.049197,272.555539,304.776174,327.419621,393.242721,475.331801,616.545756
125.249779,104.44180199,104.68143958,0.53535098,0.53143537,0.52950978,0.46703885,3.62186441,2.55803235,4264.000000,inf,conduction,273.866077,306.240224,328.978828,395.006101,477.154713,617.675815,272.359523,304.555478,327.182202,392.960210,475.002511,616.167803
125.500055,104.57572794,104.82023447,0.53487276,0.53420713,0.52906536,0.55353332,2.92698770,0.90068882,4264.000000,inf,conduction,273.666456,306.015527,328.737183,394.719016,476.821203,617.302266,272.163540,304.334818,326.944818,392.677725,474.673211,615.754092
125.749763,104.70923039,104.96244046,0.53439692,0.53137548,0.52862316,0.76259325,2.33826776,-0.44576302,4264.000000,inf,conduction,273.467779,305.791891,328.496675,394.433262,476.489196,616.930244,271.968481,304.115195,326.708547,392.396547,474.345382,615.387340
126.000040,104.84291787,105.08025206,0.53392128,0.52865739,0.52818114,0.44440506,4.12297673,3.76190876,4264.000000,inf,conduction,273.269139,305.568293,328.256206,394.147537,476.157177,616.558053,271.773453,303.895607,326.472310,392.115394,474.017543,615.062028
126.249748,104.97618305,105.21295712,0.53344801,0.53110318,0.52774131,0.47883250,3.44295460,2.14296565,4264.000000,inf,conduction,273.071436,305.345748,328.016865,393.863135,475.826651,616.187384,271.579342,303.677048,326.237177,391.835539,473.691191,614.672438
126.500024,105.10963337,105.35232373,0.53297494,0.53094142,0.52730167,0.58408508,2.77382677,0.57856710,4264.000000,inf,conduction,272.873767,305.123240,327.777561,393.578758,475.496111,615.816545,271.385261,303.458521,326.002077,391.555706,473.364820,614.270443
126.749732,105.24266256,105.49465345,0.53250421,0.52697664,0.52686420,0.84276884,2.21306876,-0.68981380,4264.000000,inf,conduction,272.677030,304.901777,327.539379,393.295696,475.167055,615.447221,271.192091,303.241018,325.768075,391.277163,473.039905,613.913394
127.000009,105.37587698,105.60865441,0.53203368,0.52649649,0.52642692,0.44510566,3.98054512,3.45259459,4264.000000,inf,conduction,272.480326,304.680350,327.301230,393.012656,474.837983,615.077726,270.998950,303.023544,325.534102,390.998640,472.714979,613.584007
127.249716,105.50867144,105.74282810,0.53156547,0.52963479,0.52599179,0.49290036,3.27821977,1.77373348,4264.000000,inf,conduction,272.284546,304.459961,327.064197,392.730924,474.510387,614.709739,270.806713,302.807087,325.301220,390.721400,472.391519,613.190473
127.499993,105.64165124,105.88256942,0.53109746,0.52763531,0.52555683,0.61877242,2.63577055,0.29225035,4264.000000,inf,conduction,272.088798,304.239605,326.827195,392.449212,474.182771,614.341581,270.614503,302.590659,325.068366,390.444176,472.068035,612.799121
127.750269,105.77451406,106.01327986,0.53063070,0.52376219,0.52512304,0.46817577,3.89553816,3.28407884,4264.000000,inf,conduction,271.893525,304.019783,326.590763,392.168160,473.855881,613.974089,270.422757,302.374750,324.836069,390.167599,471.745259,612.449182
127.999977,105.90695866,106.13582608,0.53016624,0.52455545,0.52469138,0.44858472,3.82802350,3.11721420,4264.000000,inf,conduction,271.699168,303.800989,326.355436,391.888403,473.530455,613.608095,270.231906,302.159848,324.604851,389.892293,471.423934,612.113989
128.250254,106.03958873,106.27129549,0.52970196,0.52837510,0.52425989,0.50916173,3.12657879,1.43282497,4264.000000,inf,conduction,271.504840,303.582224,326.120137,391.608663,473.205005,613.241929,270.041080,301.944971,324.373658,389.617000,471.102594,611.720536
128.499962,106.17180172,106.41095121,0.52923996,0.52626683,0.52383052,0.65776465,2.51152041,0.01666634,4264.000000,inf,conduction,271.311421,303.364482,325.885934,391.330209,472.881011,612.877253,269.851143,301.731095,324.143539,389.342970,470.782683,611.339430
128.750238,106.30420027,106.53500575,0.52877815,0.52152716,0.52340131,0.44698059,4.14921999,3.90275707,4264.000000,inf,conduction,271.118029,303.146768,325.651759,391.051770,472.556992,612.512405,269.661229,301.517241,323.913442,389.068951,470.462742,610.995881
128.999946,106.43618288,106.66155466,0.52831860,0.52333705,0.52297420,0.45400427,3.67898707,2.78194213,4264.000000,inf,conduction,270.925541,302.930069,325.418672,390.774609,472.234420,612.149041,269.472199,301.304382,323.684412,388.796188,470.144236,610.653719
129.250223,106.56835115,106.79768645,0.52785922,0.52780552,0.52254725,0.52696806,2.99069238,1.12110556,4264.000000,inf,conduction,270.733078,302.713396,325.185611,390.497461,471.911821,611.785504,269.283191,301.091544,323.455402,388.523433,469.825709,610.263896
129.499930,106.70010460,106.93745751,0.52740210,0.52528628,0.52212239,0.70123004,2.39985381,-0.23378514,4264.000000,inf,conduction,270.541514,302.497732,324.953632,390.221584,471.590659,611.423444,269.095060,300.879694,323.227452,388.251926,469.508594,609.890847
129.750207,106.83204378,107.05689527,0.52694514,0.52094142,0.52169767,0.43967928,4.14150422,3.89122144,4264.000000,inf,conduction,270.349972,302.282092,324.721676,389.945717,471.269470,611.061210,268.906949,300.667863,322.999521,387.980426,469.191447,609.552307
129.999915,106.96356928,107.18571568,0.52649041,0.52336079,0.52127504,0.46083945,3.53886845,2.45370766,4264.000000,inf,conduction,270.159322,302.067455,324.490795,389.671112,470.949709,610.700447,268.719711,300.457013,322.772642,387.710165,468.875718,609.204100
130.250191,107.09528060,107.32228495,0.52603585,0.52561136,0.52085255,0.54625038,2.86818722,0.85880290,4264.000000,inf,conduction,269.968695,301.852840,324.259936,389.396515,470.629919,610.339509,268.532491,300.246182,322.545781,387.439909,468.559962,608.819101
130.499899,107.22657934,107.46208262,0.52558351,0.52206499,0.52043211,0.74929717,2.29966105,-0.43242117,4264.000000,inf,conduction,269.778953,301.639220,324.030145,389.123174,470.311549,609.980036,268.346138,300.036325,322.319966,387.170885,468.245602,608.452972
130.750176,107.35806397,107.57796002,0.52513132,0.51981451,0.52001182,0.43689063,4.06513193,3.72501226,4264.000000,inf,conduction,269.589232,301.425622,323.800373,388.849838,469.993148,609.620387,268.159801,299.826485,322.094166,386.901864,467.931208,608.117899
130.999883,107.48913714,107.70823214,0.52468134,0.52251681,0.51959357,0.46870088,3.40977777,2.16095120,4264.000000,inf,conduction,269.400392,301.213012,323.571662,388.577750,469.676159,609.262196,267.974326,299.617613,321.869405,386.634067,467.618215,607.765469
131.250160,107.62039627,107.84507314,0.52423151,0.52285047,0.51917546,0.56674190,2.75815278,0.63200264,4264.000000,inf,conduction,269.211570,301.000422,323.342969,388.305666,469.359136,608.903830,267.788865,299.408755,321.644658,386.366272,467.305190,607.385692
131.499868,107.75124504,107.98482547,0.52378386,0.51874672,0.51875938,0.80201063,2.20995149,-0.60543932,4264.000000,inf,conduction,269.023623,300.788815,323.115331,388.034821,469.043518,608.546914,267.604261,299.200860,321.420944,386.099692,466.993545,607.025496
131.750144,107.88227985,108.09781718,0.52333636,0.51773709,0.51834343,0.43641756,3.96729378,3.51914638,4264.000000,inf,conduction,268.835693,300.577224,322.887709,387.763978,468.727864,608.189823,267.419669,298.992978,321.197241,385.833112,466.681863,606.692492
131.999852,108.01290539,108.22905543,0.52289104,0.52084183,0.51792949,0.47726456,3.29233372,1.90471193,4264.000000,inf,conduction,268.648632,300.366611,322.661134,387.494367,468.413607,607.834176,267.235929,298.786053,320.974565,385.567742,466.371567,606.337860
132.250129,108.14371704,108.36604131,0.52244586,0.52017456,0.51751568,0.58814251,2.65967687,0.43131033,4264.000000,inf,conduction,268.461587,300.156013,322.434574,387.224757,468.099312,607.478351,267.052200,298.579138,320.751898,385.302368,466.061233,605.963284
132.499836,108.27412049,108.50124232,0.52200283,0.51575120,0.51710387,0.53803166,2.81511212,0.84440192,4264.000000,inf,conduction,268.275406,299.946386,322.209055,386.956370,467.786405,607.123966,266.869317,298.373174,320.530252,385.038196,465.752264,605.608182
132.750113,108.40471013,108.61627143,0.52155994,0.51567839,0.51669219,0.43732768,3.86528846,3.30331799,4264.000000,inf,conduction,268.089239,299.736772,321.983548,386.687982,467.473459,606.769402,266.686443,298.167220,320.308614,384.774020,465.443255,605.276279
132.999821,108.53489265,108.74815458,0.52111919,0.51921924,0.51628249,0.48623720,3.18646428,1.67498119,4264.000000,inf,conduction,267.903930,299.528123,321.759076,386.420811,467.161894,606.416271,266.504410,297.962210,320.087989,384.511038,465.135616,604.921153
133.250097,108.66526142,108.88518528,0.52067858,0.51794732,0.51587290,0.61010441,2.57190131,0.25066623,4264.000000,inf,conduction,267.718634,299.319486,321.534614,386.153636,466.850287,606.062962,266.322386,297.757208,319.867371,384.248050,464.827934,604.551555
133.499805,108.79522414,109.01295655,0.52024009,0.51335591,0.51546529,0.45918484,3.81650125,3.21499321,4264.000000,inf,conduction,267.534190,299.111808,321.311181,385.887670,466.540054,605.711078,266.141196,297.553144,319.647760,383.986249,464.521602,604.200840
133.750082,108.92537317,109.13321083,0.51980173,0.51403659,0.51505780,0.43909029,3.76660115,3.09061213,4264.000000,inf,conduction,267.349758,298.904140,321.087757,385.621700,466.229777,605.359015,265.960014,297.349088,319.428154,383.724440,464.215228,603.869521
133.999790,109.05511721,109.26551089,0.51936548,0.51804168,0.51465226,0.49534306,3.09177613,1.46646507,4264.000000,inf,conduction,267.166173,298.697424,320.865354,385.356930,465.920865,605.008372,265.779661,297.145963,319.209550,383.463810,463.910207,603.515168
134.250066,109.18504763,109.40250538,0.51892935,0.51642004,0.51424683,0.63222600,2.49404121,0.08543421,4264.000000,inf,conduction,266.982598,298.490717,320.642958,385.092155,465.611909,604.657550,265.599315,296.942844,318.990948,383.203171,463.605140,603.150238
134.499774,109.31457411,109.52578763,0.51849533,0.51178693,0.51384335,0.44303395,4.02032839,3.70955960,4264.000000,inf,conduction,266.799865,298.284957,320.421579,384.828573,465.304310,604.308140,265.419792,296.740651,318.773341,382.943704,463.301407,602.803321
134.750050,109.44428703,109.64856738,0.51806142,0.51320355,0.51343997,0.44134241,3.67470003,2.88478201,4264.000000,inf,conduction,266.617140,298.079204,320.200204,384.564983,464.996664,603.958551,265.240275,296.538462,318.555736,382.684226,462.997630,602.472411
134.999758,109.57359706,109.78111427,0.51762959,0.51685195,0.51303852,0.50431567,3.00774377,1.28302595,4264.000000,inf,conduction,266.435252,297.874392,319.979839,384.302580,464.690369,603.610369,265.061576,296.337194,318.339120,382.425914,462.695190,602.119702
135.250035,109.70309358,109.91800538,0.51719788,0.51469891,0.51263717,0.65404884,2.42539275,-0.05607720,4264.000000,inf,conduction,266.253371,297.669585,319.759477,384.040166,464.384025,603.262006,264.882881,296.135928,318.122503,382.167588,462.392699,601.759109
135.499743,109.83218824,110.03798903,0.51676824,0.51052480,0.51223775,0.43532331,4.06773509,3.83458105,4264.000000,inf,conduction,266.072322,297.465713,319.540119,383.778933,464.079023,602.915044,264.705000,295.935577,317.906869,381.910421,462.091530,601.415499
135.750019,109.96146946,110.16229852,0.51633870,0.51249750,0.51183841,0.44380526,3.59119706,2.69719444,4264.000000,inf,conduction,265.891278,297.261846,319.320763,383.517687,463.773972,602.567901,264.527121,295.735227,317.691234,381.653239,461.790312,601.085045
135.999727,110.09034985,110.29496040,0.51591122,0.51522101,0.51144099,0.51289398,2.93380914,1.12813681,4264.000000,inf,conduction,265.711061,297.058907,319.102404,383.257615,463.470255,602.222152,264.350051,295.535786,317.476575,381.397209,461.490415,600.734553
136.250004,110.21941684,110.43169140,0.51548385,0.51181444,0.51104365,0.67505984,2.36533502,-0.16452251,4264.000000,inf,conduction,265.530847,296.855971,318.884045,382.997529,463.166487,601.876222,264.172982,295.336345,317.261914,381.141162,461.190466,600.377979
136.500280,110.34837701,110.54936069,0.51505755,0.50896257,0.51064731,0.43072713,4.06117207,3.83662051,4264.000000,inf,conduction,265.351048,296.653499,318.666182,382.738019,462.863358,601.530896,263.996316,295.137356,317.047737,380.885681,460.891143,600.036517
136.749988,110.47693789,110.67437906,0.51463328,0.51133534,0.51025285,0.44625799,3.51676549,2.53592051,4264.000000,inf,conduction,265.172067,296.451947,318.449308,382.479673,462.561552,601.186957,263.820452,294.939268,316.834527,380.631341,460.593128,599.707439
137.000264,110.60568545,110.80735716,0.51420912,0.51358286,0.50985848,0.52108049,2.86804583,0.99245429,4264.000000,inf,conduction,264.993088,296.250396,318.232432,382.221309,462.259693,600.842834,263.644586,294.741177,316.621313,380.376981,460.295062,599.358722
137.249972,110.73403474,110.94357216,0.51378697,0.51032228,0.50946599,0.69470651,2.31332135,-0.26964802,4264.000000,inf,conduction,264.814923,296.049759,318.016537,381.964102,461.959150,600.500092,263.469517,294.543982,316.409060,380.123757,459.998294,599.006685
137.500249,110.86257075,111.05916577,0.51336492,0.50729934,0.50907357,0.42777094,4.03338335,3.79010292,4264.000000,inf,conduction,264.636759,295.849122,317.800639,381.706876,461.658551,600.157166,263.294446,294.346783,316.196800,379.870511,459.701468,598.667793
137.749957,110.99070949,111.18479420,0.51294488,0.50998470,0.50868302,0.44851265,3.45161335,2.39846591,4264.000000,inf,conduction,264.459404,295.649393,317.585717,381.450800,461.359262,599.815614,263.120166,294.150474,315.985497,379.618394,459.405934,598.339557
138.000233,111.11903501,111.31769409,0.51252492,0.51190400,0.50829254,0.52814518,2.81272866,0.88167590,4264.000000,inf,conduction,264.282048,295.449663,317.370790,381.194703,461.059915,599.473878,262.945883,293.954159,315.774185,379.366255,459.110348,597.993651
138.249941,111.24696426,111.45365767,0.51210696,0.50831495,0.50790391,0.71241190,2.26887961,-0.35131191,4264.000000,inf,conduction,264.105496,295.250836,317.156833,380.939749,460.761870,599.133510,262.772387,293.758729,315.563824,379.115237,458.816044,597.645084
138.500218,111.37508033,111.56755578,0.51168909,0.50557999,0.50751536,0.42567353,3.99848981,3.72758035,4264.000000,inf,conduction,263.928942,295.052005,316.942870,380.684774,460.463767,598.792957,262.598886,293.563293,315.353453,378.864195,458.521678,597.308489
138.749925,111.50280113,111.69353778,0.51127319,0.50850302,0.50712864,0.45041610,3.39569445,2.28408288,4264.000000,inf,conduction,263.753188,294.854073,316.729871,380.430934,460.166958,598.453767,262.426167,293.368736,315.144027,378.614269,458.228592,596.981322
139.000202,111.63070878,111.82628570,0.51085738,0.51023055,0.50674199,0.53410591,2.76599215,0.79092183,4264.000000,inf,conduction,263.577430,294.656135,316.516864,380.177071,459.870090,598.114391,262.253443,293.174170,314.934589,378.364316,457.935449,596.638357
139.249910,111.75822215,111.96195980,0.51044354,0.50641600,0.50635716,0.72760695,2.23160133,-0.41741575,4264.000000,inf,conduction,263.402467,294.459090,316.304816,379.924336,459.574509,597.776372,262.081496,292.980479,314.726091,378.115473,457.643575,596.293050
139.500186,111.88592241,112.07446849,0.51002977,0.50392386,0.50597240,0.42404902,3.96311994,3.66323874,4264.000000,inf,conduction,263.227499,294.262039,316.092758,379.671578,459.278866,597.438167,261.909541,292.786779,314.517580,377.866602,457.351636,595.958537
139.749894,112.01322937,112.20060883,0.50961796,0.50704887,0.50558946,0.45183916,3.34885201,2.19063815,4264.000000,inf,conduction,263.053321,294.065875,315.881653,379.419942,458.984504,597.101313,261.738360,292.593947,314.310003,377.618833,457.060963,595.632639
140.000171,112.14072327,112.33314099,0.50920622,0.50856692,0.50520657,0.53876870,2.72743677,0.71920755,4264.000000,inf,conduction,262.879138,293.869703,315.670537,379.168279,458.690080,596.764272,261.567170,292.401104,314.102411,377.371036,456.770230,595.292686
140.249878,112.26782484,112.46849120,0.50879643,0.50458090,0.50482549,0.73975965,2.20114096,-0.46827240,4264.000000,inf,conduction,262.705739,293.674413,315.460368,378.917733,458.396928,596.428577,261.396749,292.209126,313.895748,377.124335,456.480752,594.950465
140.500155,112.39511338,112.57986981,0.50838670,0.50226065,0.50444446,0.42267276,3.93072948,3.60594979,4264.000000,inf,conduction,262.532334,293.479114,315.250187,378.667159,458.103713,596.092694,261.226318,292.017135,313.689070,376.877604,456.191207,594.617870
140.749863,112.52201055,112.70601150,0.50797890,0.50551448,0.50406522,0.45268283,3.31087164,2.11883012,4264.000000,inf,conduction,262.359708,293.284692,315.040947,378.417694,457.811764,595.758150,261.056651,291.826003,313.483314,376.631962,455.902913,594.293400
141.000139,112.64909473,112.83827130,0.50757117,0.50689713,0.50368604,0.54197619,2.69671555,0.66589905,4264.000000,inf,conduction,262.187075,293.090260,314.831694,378.168200,457.519749,595.423420,260.886973,291.634858,313.277541,376.386288,455.614556,593.956491
141.249847,112.77578851,112.97326601,0.50716536,0.50279629,0.50330863,0.74841641,2.17720638,-0.50441680,4264.000000,inf,conduction,262.015217,292.896699,314.623377,377.919809,457.228994,595.090022,260.718054,291.444566,313.072686,376.141698,455.327441,593.617222
141.500124,112.90266933,113.08374197,0.50675961,0.50061344,0.50293128,0.42139463,3.90320045,3.55986146,4264.000000,inf,conduction,261.843350,292.703127,314.415045,377.671388,456.938172,594.756437,260.549124,291.254259,312.867812,375.897075,455.040256,593.286422
141.749831,113.02916070,113.20975313,0.50635576,0.50394726,0.50255568,0.45287239,3.28153405,2.06761772,4264.000000,inf,conduction,261.672254,292.510420,314.207643,377.424063,456.648603,594.424179,260.380948,291.064802,312.663851,375.653529,454.754309,592.963490
142.000108,113.15583914,113.34168929,0.50595197,0.50522404,0.50218014,0.54361085,2.67353944,0.63028772,4264.000000,inf,conduction,261.501147,292.317701,314.000225,377.176707,456.358966,594.091733,260.212759,290.875328,312.459870,375.409949,454.468296,592.629634
142.249816,113.28212908,113.47629902,0.50555008,0.50105908,0.50180635,0.75323343,2.15955817,-0.52637490,4264.000000,inf,conduction,261.330807,292.125844,313.793732,376.930441,456.070574,593.760609,260.045321,290.686698,312.256796,375.167440,454.183511,592.293215
142.500092,113.40860613,113.58607915,0.50514824,0.49898769,0.50143261,0.42012162,3.88152380,3.52723263,4264.000000,inf,conduction,261.160456,291.933972,313.587221,376.684141,455.782113,593.429297,259.877869,290.498051,312.053701,374.924895,453.898655,591.964127
142.749800,113.53469561,113.71184398,0.50474828,0.50235576,0.50106060,0.45236036,3.26063087,2.03641775,4264.000000,inf,conduction,260.990866,291.742956,313.381630,376.438926,455.494892,593.099300,259.711162,290.310243,311.851507,374.683415,453.615023,591.642796
143.000077,113.66097222,113.84340898,0.50434837,0.50351743,0.50068864,0.54360209,2.65767272,0.61215858,4264.000000,inf,conduction,260.821264,291.551925,313.176020,376.193676,455.207599,592.769114,259.544441,290.122417,311.649292,374.441897,453.331321,591.311983
143.249785,113.78686221,113.97760585,0.50395032,0.49935380,0.50031841,0.75400684,2.14800455,-0.53442340,4264.000000,inf,conduction,260.652419,291.361745,312.971324,375.949503,454.921540,592.440239,259.378461,289.935424,311.447972,374.201439,453.048835,590.978344
143.500061,113.91293935,114.08688510,0.50355233,0.49738808,0.49994822,0.41880616,3.86613984,3.50904172,4264.000000,inf,conduction,260.483561,291.171548,312.766608,375.705295,454.635408,592.111175,259.212465,289.748412,311.246630,373.960942,452.766275,590.650914
143.749769,114.03863081,114.21229725,0.50315619,0.50076113,0.49957974,0.45112764,3.24797310,2.02455244,4264.000000,inf,conduction,260.315455,290.982198,312.562801,375.462159,454.350502,591.783415,259.047206,289.562229,311.046178,373.721498,452.484926,590.331203
144.000046,114.16450943,114.34344594,0.50276010,0.50190712,0.49921130,0.54193047,2.64892894,0.60962925,4264.000000,inf,conduction,260.147335,290.792830,312.358972,375.218985,454.065523,591.455466,258.881930,289.376026,310.845702,373.482014,452.203505,590.003412
144.249753,114.29000330,114.47720311,0.50236585,0.49776493,0.49884457,0.75069171,2.14239711,-0.52985051,4264.000000,inf,conduction,259.979963,290.604303,312.156047,374.976877,453.781763,591.128816,258.717387,289.190646,310.646112,373.243577,451.923287,589.672509
144.500030,114.41568435,114.58617068,0.50197165,0.49586543,0.49847788,0.41743183,3.85712120,3.50489246,4264.000000,inf,conduction,259.812576,290.415757,311.953100,374.734730,453.497929,590.801975,258.552826,289.005245,310.446497,373.005099,451.642992,589.346712
144.749738,114.54098157,114.71112832,0.50157927,0.49917594,0.49811287,0.44918051,3.24340183,2.03150959,4264.000000,inf,conduction,259.645933,290.228048,311.751051,374.493643,453.215308,590.476428,258.388994,288.820664,310.247762,372.767663,451.363895,589.028603
145.000014,114.66646600,114.84181682,0.50118693,0.50026771,0.49774790,0.53862646,2.64717143,0.62377641,4264.000000,inf,conduction,259.479273,290.040318,311.548978,374.252516,452.932610,590.150691,258.225143,288.636060,310.049000,372.530183,451.084723,588.703797
145.249722,114.79156749,114.97510809,0.50079642,0.49619346,0.49738462,0.74340371,2.14263004,-0.51180102,4264.000000,inf,conduction,259.313352,289.853420,311.347798,374.012443,452.651120,589.826242,258.062016,288.452270,309.851114,372.293739,450.806742,588.375610
145.499999,114.91685623,115.08395302,0.50040593,0.49378359,0.49702136,0.41601005,3.85423552,3.52132718,4264.000000,inf,conduction,259.147414,289.666501,311.146593,373.772328,452.369552,589.501602,257.898869,288.268457,309.653201,372.057252,450.528682,588.051448
145.750275,115.04204735,115.20864563,0.50001638,0.49756374,0.49665895,0.44667561,3.24535216,2.05403257,4264.000000,inf,conduction,258.981836,289.479985,310.945820,373.532717,452.088547,589.177509,257.736072,288.085037,309.455709,371.821258,450.251177,587.734169
145.999983,115.16685689,115.33853911,0.49962862,0.49861214,0.49629821,0.53376752,2.65231235,0.65425059,4264.000000,inf,conduction,258.816991,289.294294,310.745933,373.294152,451.808740,588.854696,257.573994,287.902426,309.259086,371.586291,449.974855,587.413019
146.250260,115.29185370,115.47164352,0.49924090,0.49463653,0.49593749,0.73310154,2.14759011,-0.48284900,4264.000000,inf,conduction,258.652126,289.108580,310.546019,373.055543,451.528853,588.531691,257.411894,287.719788,309.062433,371.351278,449.698453,587.086808
146.499967,115.41646983,115.58025656,0.49885496,0.49283571,0.49557844,0.41458777,3.85690896,3.53814294,4264.000000,inf,conduction,258.487991,288.923685,310.346986,372.817973,451.250157,588.209961,257.250509,287.537954,308.866643,371.117286,449.423226,586.765045
146.750244,115.54127323,115.70428501,0.49846906,0.49589193,0.49521940,0.44341048,3.25659923,2.09897993,4264.000000,inf,conduction,258.323836,288.738766,310.147924,372.580359,450.971381,587.888039,257.089101,287.356094,308.670823,370.883248,449.147917,586.449254
146.999952,115.66569685,115.83363158,0.49808493,0.49691726,0.49486201,0.52747538,2.66430721,0.70120531,4264.000000,inf,conduction,258.160405,288.554663,309.949738,372.343779,450.693790,587.567387,256.928403,287.175032,308.475861,370.650225,448.873780,586.130961
147.250228,115.79030776,115.96621684,0.49770083,0.49311268,0.49450464,0.71875629,2.15934873,-0.43835235,4264.000000,inf,conduction,257.996953,288.370534,309.751523,372.107152,450.416117,587.246542,256.767682,286.993942,308.280867,370.417154,448.599561,585.807483
147.499936,115.91453978,116.07511351,0.49731850,0.49133808,0.49414890,0.41324592,3.86413199,3.57173139,4264.000000,inf,conduction,257.834222,288.187216,309.554179,371.871554,450.139624,586.926961,256.607666,286.813647,308.086727,370.185093,448.326504,585.487422
147.750213,116.03895909,116.19836088,0.49693619,0.49417717,0.49379318,0.43959206,3.27561097,2.16258023,4264.000000,inf,conduction,257.671469,288.003871,309.356804,371.635908,449.863047,586.607187,256.447627,286.633323,307.892555,369.952983,448.053363,585.173040
147.999920,116.16300039,116.32711424,0.49655564,0.49519578,0.49343908,0.51990822,2.68315418,0.76449472,4264.000000,inf,conduction,257.509433,287.821333,309.160295,371.401284,449.587643,586.288671,256.288289,286.453788,307.699230,369.721877,447.781382,584.857511
148.250197,116.28722900,116.45915350,0.49617510,0.49167645,0.49308500,0.70157419,2.17686758,-0.38134890,4264.000000,inf,conduction,257.347374,287.638767,308.963755,371.166613,449.312156,585.969963,256.128927,286.274224,307.505873,369.490720,447.509316,584.536786
148.499905,116.41108047,116.56856476,0.49579632,0.48993731,0.49273254,0.41210014,3.87424496,3.61100514,4264.000000,inf,conduction,257.186027,287.457002,308.768075,370.932958,449.037835,585.652508,255.970262,286.095445,307.313359,369.260563,447.238401,584.218495
148.750181,116.53511926,116.69089723,0.49541755,0.49251721,0.49238008,0.43531446,3.30230928,2.24356172,4264.000000,inf,conduction,257.024656,287.275209,308.572363,370.699253,448.763429,585.334859,255.811571,285.916636,307.120810,369.030354,446.967399,583.905445
148.999889,116.65878178,116.81900790,0.49504051,0.49357495,0.49202923,0.51125072,2.70889524,0.84279976,4264.000000,inf,conduction,256.863994,287.094213,308.377507,370.466559,448.490183,585.018459,255.653574,285.738608,306.929100,368.801138,446.697545,583.592559
149.250166,116.78263163,116.95047323,0.49466349,0.49033655,0.49167839,0.68209727,2.20019876,-0.31181374,4264.000000,inf,conduction,256.703307,286.913188,308.182618,370.233815,448.216852,584.701864,255.495551,285.560547,306.737355,368.571870,446.427605,583.274610
149.499873,116.90610607,117.06066553,0.49428819,0.48860495,0.49132914,0.41133774,3.88442444,3.64967270,4264.000000,inf,conduction,256.543325,286.732955,307.988579,370.002077,447.944675,584.386513,255.338218,285.383264,306.546444,368.343589,446.158802,582.958173
149.750150,117.02976785,117.18192176,0.49391291,0.49081968,0.49097990,0.43069273,3.33659098,2.34271191,4264.000000,inf,conduction,256.383317,286.552691,307.794507,369.770286,447.672412,584.070967,255.180856,285.205948,306.355497,368.115255,445.889912,582.646395
149.999858,117.15305508,117.30933528,0.49353933,0.49192280,0.49063224,0.50170950,2.74160645,0.93776837,4264.000000,inf,conduction,256.224009,286.373216,307.601280,369.539496,447.401296,583.756660,255.024182,285.029404,306.165379,367.887904,445.622157,582.336002
150.250134,117.27652966,117.44019703,0.49316577,0.48909763,0.49028458,0.66089070,2.22942994,-0.22959350,4264.000000,inf,conduction,256.064675,286.193709,307.408018,369.308653,447.130093,583.442157,254.867478,284.852826,305.975224,367.660498,445.354314,582.020846
150.499842,117.39963054,117.55148893,0.49279391,0.48735685,0.48993851,0.41122825,3.88976119,3.67606641,4264.000000,inf,conduction,255.906037,286.014985,307.215598,369.078804,446.860033,583.128887,254.711457,284.677017,305.785893,367.434069,445.087598,581.706362
150.750119,117.52291876,117.67146475,0.49242206,0.48908190,0.48959243,0.42585274,3.37831373,2.45972723,4264.000000,inf,conduction,255.747372,285.836230,307.023141,368.848902,446.589883,582.815422,254.555407,284.501173,305.596524,367.207584,444.820791,581.395824
150.999827,117.64583415,117.79811993,0.49205189,0.49026918,0.48924791,0.49149926,2.78140407,1.04934030,4264.000000,inf,conduction,255.589400,285.658253,306.831521,368.619989,446.320871,582.503185,254.400035,284.326092,305.407976,366.982071,444.555107,581.087745
151.250103,117.76893687,117.92834617,0.49168173,0.48800161,0.48890340,0.63850556,2.26469045,-0.13485235,4264.000000,inf,conduction,255.431399,285.480244,306.639864,368.391020,446.051768,582.190752,254.244634,284.150976,305.219388,366.756502,444.289334,580.775384
151.499811,117.89166760,118.04114215,0.49131326,0.48622891,0.48856044,0.41225806,3.88088637,3.66785730,4264.000000,inf,conduction,255.274088,285.303009,306.449039,368.163036,445.783796,581.879542,254.089907,283.976620,305.031617,366.531899,444.024676,580.462960
151.750087,118.01458568,118.15956183,0.49094478,0.48724468,0.48821747,0.42093975,3.42721968,2.59466374,4264.000000,inf,conduction,255.116747,285.125740,306.258175,367.934996,445.515733,581.568135,253.935149,283.802228,304.843804,366.307238,443.759926,580.153670
151.999795,118.13713259,118.28538781,0.49057798,0.48859604,0.48787606,0.48084128,2.82842882,1.17804586,4264.000000,inf,conduction,254.960091,284.949241,306.068140,367.707934,445.248796,581.257947,253.781062,283.628590,304.656804,366.083539,443.496287,579.847700
152.250072,118.25986685,118.41494340,0.49021117,0.48712438,0.48753463,0.61545995,2.30614578,-0.02804839,4264.000000,inf,conduction,254.803405,284.772708,305.878065,367.480815,444.981766,580.947562,253.626944,283.454916,304.469762,365.859781,443.232557,579.538115
152.499780,118.38223079,118.52979228,0.48984603,0.48529940,0.48719475,0.41537979,3.83777694,3.57730643,4264.000000,inf,conduction,254.647401,284.596941,305.688813,367.254670,444.715856,580.638390,253.473493,283.281993,304.283527,365.636980,442.969931,579.227861
152.750056,118.50478207,118.64625351,0.48948088,0.48525842,0.48685485,0.41610968,3.48286576,2.74703673,4264.000000,inf,conduction,254.491366,284.421138,305.499521,367.028466,444.449853,580.329021,253.320009,283.109032,304.097250,365.414118,442.707211,578.919872
152.999764,118.62696385,118.77116629,0.48911738,0.48692144,0.48651648,0.46995175,2.88284784,1.32407526,4264.000000,inf,conduction,254.336008,284.246096,305.311047,366.803231,444.184965,580.020860,253.167189,282.936818,303.911775,365.192208,442.445590,578.615791
153.250041,118.74933297,118.90001198,0.48875388,0.48676839,0.48617810,0.59221695,2.35400420,0.08793722,4264.000000,inf,conduction,254.180619,284.071019,305.122532,366.577936,443.919981,579.712502,253.014336,282.764565,303.726258,364.970237,442.183877,578.308930
153.499748,118.87133342,119.01775140,0.48839202,0.48479915,0.48584124,0.42322490,3.70718051,3.27719676,4264.000000,inf,conduction,254.025903,283.896698,304.934832,366.353604,443.656107,579.405347,252.862143,282.593054,303.541539,364.749213,441.923256,578.000953
153.750025,118.99352120,119.13158922,0.48803015,0.48447849,0.48550436,0.41154293,3.54443893,2.89984599,4264.000000,inf,conduction,253.871155,283.722341,304.747089,366.129212,443.392137,579.097995,252.709916,282.421505,303.356775,364.528126,441.662540,577.694359
153.999733,119.11534113,119.25548596,0.48766991,0.48587607,0.48516899,0.45904343,2.94482976,1.48079784,4264.000000,inf,conduction,253.717078,283.548737,304.560156,365.905779,443.129271,578.791840,252.558346,282.250694,303.172806,364.307981,441.402912,577.391954
154.250009,119.23734839,119.38357692,0.48730966,0.48562259,0.48483361,0.56918084,2.40851092,0.22828161,4264.000000,inf,conduction,253.562967,283.375094,304.373180,365.682284,442.866308,578.485487,252.406741,282.079843,302.988792,364.087773,441.143188,577.087726
154.499717,119.35898861,119.50581789,0.48695103,0.48355538,0.48449973,0.44872361,3.26942118,2.26640536,4264.000000,inf,conduction,253.409522,283.202201,304.187009,365.459742,442.604443,578.180328,252.255789,281.909726,302.805568,363.868502,440.884548,576.782123
154.749994,119.48081615,119.61562940,0.48659239,0.48242621,0.48416582,0.40744567,3.61047745,3.07727949,4264.000000,inf,conduction,253.256044,283.029269,304.000794,365.237137,442.342481,577.874971,252.104801,281.739569,302.622297,363.649166,440.625810,576.477055
155.000270,119.60255403,119.73866588,0.48623454,0.48416557,0.48383266,0.44846701,3.01319912,1.65988005,4264.000000,inf,conduction,253.102880,282.856690,303.814959,365.014977,442.081017,577.570109,251.954121,281.569756,302.439397,363.430265,440.367562,576.175453
155.249978,119.72392608,119.86566444,0.48587831,0.48389923,0.48350098,0.54669097,2.46995158,0.39128938,4264.000000,inf,conduction,252.950378,282.684855,303.629922,364.793761,441.820643,577.266434,251.804088,281.400673,302.257281,363.212294,440.110390,575.874406
155.500255,119.84548545,119.99542217,0.48552206,0.48178356,0.48316928,0.77115630,2.00873431,-0.66469729,4264.000000,inf,conduction,252.797841,282.512979,303.444840,364.572482,441.560170,576.962560,251.654019,281.231547,302.075118,362.994257,439.853120,575.570563
155.749962,119.96667979,120.09845215,0.48516740,0.48097779,0.48283906,0.40407392,3.67827776,3.25211047,4264.000000,inf,conduction,252.645960,282.341843,303.260553,364.352144,441.300781,576.659867,251.504594,281.063147,301.893734,362.777144,439.596919,575.267864
156.000239,120.08806143,120.22017065,0.48481273,0.48203389,0.48250882,0.43810481,3.09069452,1.86501463,4264.000000,inf,conduction,252.494045,282.170665,303.076219,364.131741,441.041293,576.356975,251.355132,280.894703,301.712302,362.559965,439.340618,574.967619
156.249947,120.20907883,120.34630260,0.48445964,0.48187857,0.48218004,0.52502619,2.53864786,0.57459146,4264.000000,inf,conduction,252.342783,282.000223,302.892676,363.912274,440.782883,576.055259,251.206310,280.726980,301.531645,362.343706,439.085382,574.668883
156.500223,120.33028353,120.47533925,0.48410653,0.47980125,0.48185124,0.71939245,2.06811133,-0.50363552,4264.000000,inf,conduction,252.191484,281.829739,302.709086,363.692741,440.524374,575.753345,251.057451,280.559213,301.350939,362.127380,438.830046,574.367543
156.749931,120.45112479,120.58016485,0.48375501,0.47880038,0.48152390,0.40178405,3.74262372,3.42697601,4264.000000,inf,conduction,252.040836,281.659986,302.526282,363.474138,440.266937,575.452601,250.909229,280.392164,301.171005,361.911968,438.575768,574.066675
157.000208,120.57215333,120.70033202,0.48340345,0.47988855,0.48119653,0.42831525,3.17596115,2.08849109,4264.000000,inf,conduction,251.890151,281.490190,302.343430,363.255470,440.009400,575.151658,250.760968,280.225069,300.991021,361.696488,438.321389,573.767728
157.249915,120.69281922,120.82552211,0.48305347,0.48006295,0.48087061,0.50441235,2.61494874,0.77340957,4264.000000,inf,conduction,251.740113,281.321122,302.161360,363.037727,439.752930,574.851883,250.613341,280.058688,300.811804,361.481918,438.068064,573.471084
157.500192,120.81367238,120.95379979,0.48270346,0.47817305,0.48054466,0.67211760,2.13399079,-0.33129796,4264.000000,inf,conduction,251.590036,281.152010,301.979241,362.819917,439.496359,574.551907,250.465675,279.892262,300.632536,361.267280,437.814637,573.172253
157.749900,120.93416366,121.06092617,0.48235501,0.47704606,0.48022016,0.40114923,3.79268902,3.56370271,4264.000000,inf,conduction,251.440603,280.983622,301.797900,362.603028,439.240851,574.253093,250.318639,279.726546,300.454031,361.053547,437.562259,572.873370
158.000176,121.05484221,121.17920213,0.48200654,0.47834872,0.47989562,0.41929122,3.26869775,2.32270770,4264.000000,inf,conduction,251.291132,280.815189,301.616510,362.386070,438.985239,573.954079,250.171564,279.560783,300.275476,360.839744,437.309778,572.575741
158.249884,121.17515965,121.30335648,0.48165961,0.47930656,0.47957252,0.48502907,2.69922066,0.97908674,4264.000000,inf,conduction,251.142300,280.647476,301.435893,362.170030,438.730686,573.656223,250.025115,279.395726,300.097679,360.626841,437.058340,572.280951
158.500161,121.29566434,121.43083080,0.48131265,0.47785312,0.47924938,0.62920045,2.20676259,-0.15740038,4264.000000,inf,conduction,250.993429,280.479718,301.255226,361.953919,438.476029,573.358166,249.878626,279.230622,299.919830,360.413868,436.806799,571.984587
158.749868,121.41580871,121.54100226,0.48096724,0.47663927,0.47892767,0.40336606,3.80259047,3.59140976,4264.000000,inf,conduction,250.845195,280.312676,301.075329,361.738721,438.222424,573.061262,249.732761,279.066220,299.742736,360.201792,436.556296,571.687822
159.000145,121.53614030,121.65684530,0.48062179,0.47701994,0.47860592,0.41123893,3.36809318,2.57015951,4264.000000,inf,conduction,250.696921,280.145588,300.895380,361.523453,437.968715,572.764158,249.586854,278.901771,299.565590,359.989643,436.305689,571.391606
159.249853,121.65611235,121.77984329,0.48027788,0.47800338,0.47828560,0.46702141,2.79182043,1.21034697,4264.000000,inf,conduction,250.549280,279.979212,300.716197,361.309091,437.716053,572.468201,249.441569,278.738020,299.389194,359.778387,436.056115,571.098443
159.500129,121.77627160,121.90646121,0.47993393,0.47742961,0.47796523,0.59043958,2.28686340,0.03480572,4264.000000,inf,conduction,250.401598,279.812789,300.536963,361.094659,437.463286,572.172044,249.296241,278.574221,299.212745,359.567058,435.806436,570.804444
159.749837,121.89607206,122.02094554,0.47959151,0.47613134,0.47764628,0.41220737,3.69040306,3.33447501,4264.000000,inf,conduction,250.254547,279.647075,300.358489,360.881129,437.211562,571.877030,249.151530,278.411117,299.037043,359.356616,435.557785,570.509905
160.000114,122.01605972,122.13334432,0.47924905,0.47618003,0.47732728,0.40439768,3.47234231,2.82352668,4264.000000,inf,conduction,250.107454,279.481314,300.179964,360.667528,436.959731,571.581815,249.006777,278.247964,298.861287,359.146100,435.309028,570.215249
160.249822,122.13568935,122.25502555,0.47890811,0.47678073,0.47700969,0.45051109,2.89304889,1.46090710,4264.000000,inf,conduction,249.960987,279.316257,300.002195,360.454824,436.708938,571.287740,248.862638,278.085502,298.686274,358.936468,435.061294,569.923533
160.500098,122.25550615,122.38072233,0.47856712,0.47615351,0.47669205,0.55559932,2.37477443,0.25478953,4264.000000,inf,conduction,249.814479,279.151152,299.824374,360.242048,436.458037,570.993462,248.718456,277.922990,298.511207,358.726761,434.813454,569.631742
160.749806,122.37496568,122.50271845,0.47822765,0.47487895,0.47637581,0.46316072,2.89390253,1.48408864,4264.000000,inf,conduction,249.668593,278.986748,299.647306,360.030165,436.208170,570.700320,248.574885,277.761166,298.336878,358.517933,434.566633,569.339496
161.000082,122.49461236,122.60881178,0.47788813,0.47459655,0.47605952,0.39907932,3.57760914,3.08755838,4264.000000,inf,conduction,249.522666,278.822296,299.470184,359.818208,435.958194,570.406975,248.431270,277.599291,298.162494,358.309030,434.319704,569.046568
161.249790,122.61390252,122.72895371,0.47755011,0.47483493,0.47574463,0.43560864,3.00306518,1.74009150,4264.000000,inf,conduction,249.377358,278.658541,299.293811,359.607141,435.709246,570.114761,248.288263,277.438101,297.988846,358.101000,434.073788,568.756201
161.500067,122.73337981,122.85364847,0.47721205,0.47431236,0.47542968,0.52443555,2.47101427,0.50056236,4264.000000,inf,conduction,249.232007,278.494736,299.117384,359.395999,435.460190,569.822345,248.145211,277.276859,297.815141,357.892895,433.827764,568.466414
161.749775,122.85250133,122.98050993,0.47687548,0.47324932,0.47511612,0.72059707,2.01944808,-0.54455931,4264.000000,inf,conduction,249.087273,278.331625,298.941703,359.185741,435.212156,569.531054,248.002764,277.116298,297.642168,357.685660,433.582749,568.176475
162.000051,122.97180996,123.08341353,0.47653887,0.47274698,0.47480250,0.39576556,3.67551192,3.33731742,4264.000000,inf,conduction,248.942495,278.168464,298.765966,358.975409,434.964013,569.239561,247.860272,276.955686,297.469138,357.478348,433.337624,567.885438
162.249759,123.09076356,123.20168916,0.47620373,0.47250566,0.47449026,0.42242915,3.12172013,2.04376746,4264.000000,inf,conduction,248.798331,278.005993,298.590971,358.765956,434.716888,568.949189,247.718381,276.795750,297.296836,357.271901,433.093504,567.596424
162.500036,123.20990425,123.32527813,0.47586855,0.47233679,0.47417796,0.49671519,2.57612014,0.76858476,4264.000000,inf,conduction,248.654122,277.843472,298.415920,358.556428,434.469653,568.658615,247.576445,276.635762,297.124477,357.065377,432.849273,567.308414
162.749743,123.32869064,123.45128003,0.47553484,0.47186993,0.47386703,0.65745397,2.10975478,-0.31781752,4264.000000,inf,conduction,248.510524,277.681637,298.241607,358.347775,434.223430,568.369157,247.435108,276.476448,296.952842,356.859713,432.606043,567.020737
163.000020,123.44766410,123.55742273,0.47520109,0.47113069,0.47355605,0.39539609,3.74580980,3.51986421,4264.000000,inf,conduction,248.366881,277.519750,298.067237,358.139045,433.977097,568.079497,247.293724,276.317080,296.781148,356.653972,432.362701,566.731726
163.249728,123.56628400,123.67330951,0.47486880,0.47096038,0.47324643,0.41111118,3.24823268,2.35710275,4264.000000,inf,conduction,248.223844,277.358546,297.893601,357.931187,433.731772,567.790949,247.152935,276.158383,296.610175,356.449087,432.120354,566.444157
163.500004,123.68509094,123.79565532,0.47453646,0.47082478,0.47293675,0.47222960,2.69061198,1.05341299,4264.000000,inf,conduction,248.080763,277.197291,297.719908,357.723251,433.486336,567.502198,247.012100,275.999632,296.439143,356.244124,431.877895,566.157715
163.750281,123.80381479,123.92102390,0.47420482,0.47123109,0.47262771,0.60456561,2.20727055,-0.08245042,4264.000000,inf,conduction,247.937961,277.036349,297.546552,357.515711,433.241346,567.213900,246.871538,275.841188,296.268440,356.039548,431.635877,565.871539
163.999989,123.92218618,124.03138425,0.47387464,0.47035959,0.47232003,0.40064846,3.72683922,3.48404959,4264.000000,inf,conduction,247.795762,276.876086,297.373924,357.309035,432.997358,566.926709,246.731567,275.683409,296.098453,355.835822,431.394847,565.585301
164.250265,124.04074457,124.14418679,0.47354440,0.47076498,0.47201228,0.40190975,3.37921554,2.66586544,4264.000000,inf,conduction,247.653516,276.715769,297.201238,357.102281,432.753257,566.639314,246.591548,275.525576,295.928406,355.632016,431.153704,565.298675
164.499973,124.15895122,124.26483166,0.47321561,0.47100115,0.47170588,0.45080580,2.81492074,1.34241295,4264.000000,inf,conduction,247.511870,276.556127,297.029277,356.896387,432.510152,566.353020,246.452118,275.368404,295.759070,355.429057,430.913543,565.014304
164.750250,124.27734484,124.38920052,0.47288676,0.47015690,0.47139941,0.55926067,2.31463251,0.18081247,4264.000000,inf,conduction,247.370177,276.396431,296.857257,356.690414,432.266934,566.066523,246.312639,275.211178,295.589673,355.226017,430.673270,564.730118
164.999957,124.39538744,124.50699409,0.47255935,0.46937967,0.47109428,0.42983814,3.26069715,2.40388487,4264.000000,inf,conduction,247.229080,276.237406,296.685958,356.485297,432.024707,565.781123,246.173744,275.054609,295.420985,355.023818,430.433975,564.446036
165.250234,124.51361699,124.61392554,0.47223188,0.46944806,0.47078909,0.39498542,3.51237141,2.99220682,4264.000000,inf,conduction,247.087935,276.078326,296.514599,356.280100,431.782367,565.495520,246.034802,274.897985,295.252235,354.821539,430.194566,564.161170
165.499942,124.63149624,124.73287036,0.47190584,0.46908830,0.47048522,0.43232000,2.94924030,1.67811601,4264.000000,inf,conduction,246.947384,275.919914,296.343958,356.075755,431.541014,565.211009,245.896441,274.742016,295.084190,354.620097,429.956130,563.878168
165.750218,124.74956240,124.85613986,0.47157975,0.46833637,0.47018128,0.52076487,2.43155824,0.47477423,4264.000000,inf,conduction,246.806785,275.761448,296.173257,355.871330,431.299546,564.926294,245.758030,274.585990,294.916083,354.418574,429.717581,563.595770
165.999926,124.86727898,124.98148521,0.47125507,0.46794833,0.46987866,0.71444941,1.99176478,-0.55031020,4264.000000,inf,conduction,246.666776,275.603645,296.003269,355.667752,431.059061,564.642668,245.620199,274.430616,294.748676,354.217883,429.480001,563.313823
166.250203,124.98518244,125.08302866,0.47093033,0.46777193,0.46957598,0.39100248,3.63446473,3.29665564,4264.000000,inf,conduction,246.526719,275.445787,295.833221,355.464093,430.818461,564.358838,245.482318,274.275185,294.581208,354.017111,429.242305,563.030858
166.499910,125.10273702,125.19985151,0.47060701,0.46627877,0.46927461,0.41671081,3.09323864,2.04646169,4264.000000,inf,conduction,246.387249,275.288589,295.663882,355.261277,430.578838,564.076092,245.345014,274.120403,294.414436,353.817168,429.005574,562.749278
166.750187,125.22047845,125.32188873,0.47028362,0.46613603,0.46897317,0.48807104,2.55874495,0.79698394,4264.000000,inf,conduction,246.247730,275.131336,295.494482,355.058380,430.339099,563.793142,245.207658,273.965563,294.247602,353.617142,428.768728,562.468468
166.999895,125.33787172,125.44629518,0.46996164,0.46724222,0.46867304,0.64072966,2.10087384,-0.28705787,4264.000000,inf,conduction,246.108795,274.974739,295.325789,354.856322,430.100334,563.511272,245.070877,273.811369,294.081461,353.417941,428.532841,562.188567
167.250171,125.45545180,125.55191113,0.46963960,0.46674066,0.46837283,0.39135506,3.71268584,3.49123163,4264.000000,inf,conduction,245.969810,274.818087,295.157034,354.654181,429.861452,563.229198,244.934044,273.657116,293.915257,353.218657,428.296839,561.907602
167.499879,125.57268441,125.66588188,0.46931895,0.46611462,0.46807393,0.40400442,3.24543607,2.40453248,4264.000000,inf,conduction,245.831407,274.662088,294.988982,354.452876,429.623539,562.948199,244.797782,273.503505,293.749743,353.020193,428.061792,561.627573
167.750156,125.69010381,125.78650264,0.46899824,0.46578154,0.46777495,0.46041580,2.69682035,1.12412004,4264.000000,inf,conduction,245.692954,274.506032,294.820867,354.251487,429.385509,562.666996,244.661468,273.349836,293.584165,352.821646,427.826628,561.348204
167.999863,125.80717643,125.90989077,0.46867892,0.46572404,0.46747726,0.58142151,2.21962060,0.00779848,4264.000000,inf,conduction,245.555079,274.350627,294.653452,354.050929,429.148443,562.386865,244.525722,273.196806,293.419274,352.623916,427.592415,561.070200
168.250140,125.92443581,126.02156589,0.46835953,0.46520261,0.46717950,0.40169252,3.61699239,3.28437785,4264.000000,inf,conduction,245.417154,274.195164,294.485973,353.850288,428.911260,562.106528,244.389924,273.043716,293.254318,352.426101,427.358085,560.791277
168.499848,126.04134911,126.13111456,0.46804153,0.46562348,0.46688302,0.39437035,3.40175318,2.77588815,4264.000000,inf,conduction,245.279804,274.040349,294.319190,353.650474,428.675036,561.827260,244.254691,272.891262,293.090046,352.229099,427.124702,560.512951
168.750124,126.15844913,126.25005037,0.46772345,0.46511540,0.46658647,0.43723935,2.84618368,1.48114862,4264.000000,inf,conduction,245.142403,273.885475,294.152344,353.450575,428.438694,561.547786,244.119405,272.738748,292.925708,352.032012,426.891200,560.234970
168.999832,126.27520375,126.37231606,0.46740676,0.46414351,0.46629119,0.53318437,2.34885444,0.32789591,4264.000000,inf,conduction,245.005575,273.731246,293.986190,353.251500,428.203308,561.269376,243.984682,272.586867,292.762051,351.835734,426.658641,559.958680
169.250109,126.39214507,126.49704751,0.46708999,0.46402709,0.46599584,0.74640580,1.92495015,-0.66302287,4264.000000,inf,conduction,244.868695,273.576958,293.819972,353.052339,427.967803,560.990761,243.849906,272.434926,292.598328,351.639371,426.425964,559.681772
169.499817,126.50874167,126.59578887,0.46677458,0.46413200,0.46570176,0.38825423,3.55168268,3.14343534,4264.000000,inf,conduction,244.732385,273.423311,293.654443,352.853997,427.733248,560.713205,243.715689,272.283614,292.435282,351.443812,426.194225,559.405280
169.750093,126.62552493,126.71262032,0.46645911,0.46221893,0.46540760,0.41816109,3.00668160,1.88908265,4264.000000,inf,conduction,244.596023,273.269605,293.488849,352.655570,427.498574,560.435443,243.581418,272.132242,292.272169,351.248167,425.962366,559.128739
169.999801,126.74196417,126.83362249,0.46614500,0.46178919,0.46511471,0.49371011,2.48943887,0.68318037,4264.000000,inf,conduction,244.460228,273.116536,293.323941,352.457958,427.264847,560.158738,243.447704,271.981495,292.109730,351.053324,425.731442,558.853986
170.250078,126.85859001,126.95737929,0.46583081,0.46330287,0.46482173,0.65561011,2.04539907,-0.37302600,4264.000000,inf,conduction,244.324380,272.963408,293.158968,352.260260,427.031000,559.881826,243.313937,271.830688,291.947224,350.858394,425.500397,558.579003
170.499785,126.97487252,127.06033776,0.46551798,0.46310061,0.46453001,0.38686909,3.66540892,3.42111811,4264.000000,inf,conduction,244.189097,272.810915,292.994677,352.063373,426.798095,559.605966,243.180723,271.680504,291.785388,350.664261,425.270283,558.304426
170.750062,127.09134160,127.17433361,0.46520507,0.46176078,0.46423821,0.40298479,3.17687202,2.29254364,4264.000000,inf,conduction,244.053761,272.658361,292.830319,351.866399,426.565070,559.329900,243.047455,271.530258,291.623485,350.470040,425.040048,558.029448
170.999770,127.20746801,127.29387279,0.46489351,0.46092168,0.46394766,0.46138491,2.64215460,1.05029875,4264.000000,inf,conduction,243.918986,272.506439,292.666641,351.670233,426.332983,559.054882,242.914738,271.380632,291.462249,350.276614,424.810738,557.756112
171.250046,127.32378096,127.41656688,0.46458187,0.46137775,0.46365703,0.58582839,2.17651147,-0.04469317,4264.000000,inf,conduction,243.784157,272.354456,292.502896,351.473979,426.100775,558.779657,242.781966,271.230944,291.300944,350.083099,424.581307,557.482907
171.499754,127.43975190,127.52578453,0.46427157,0.46113562,0.46336765,0.39514820,3.62488722,3.34815805,4264.000000,inf,conduction,243.649887,272.203101,292.339828,351.278528,425.869500,558.505477,242.649743,271.081873,291.140304,349.890374,424.352798,557.210268
171.750031,127.55590935,127.63536749,0.46396120,0.46176077,0.46307818,0.39173938,3.35226380,2.70307612,4264.000000,inf,conduction,243.515564,272.051686,292.176691,351.082990,425.638104,558.231089,242.517465,270.932740,290.979595,349.697561,424.124167,556.936989
171.999738,127.67172547,127.75314592,0.46365215,0.46093097,0.46278994,0.43508560,2.80749920,1.43721076,4264.000000,inf,conduction,243.381796,271.900895,292.014228,350.888251,425.407638,557.957742,242.385732,270.784220,290.819547,349.505534,423.896453,556.665051
172.250015,127.78772805,127.87465947,0.46334302,0.45985788,0.46250162,0.53114785,2.31930657,0.30647089,4264.000000,inf,conduction,243.247974,271.750043,291.851697,350.693424,425.177049,557.684188,242.253944,270.635638,290.659430,349.313417,423.668618,556.393455
172.499723,127.90338997,127.99801606,0.46303522,0.46018034,0.46221453,0.74250879,1.90472837,-0.66750714,4264.000000,inf,conduction,243.114705,271.599813,291.689835,350.499392,424.947385,557.411670,242.122699,270.487667,290.499970,349.122084,423.441695,556.122705
172.749999,128.01923830,128.09601055,0.46272734,0.45995166,0.46192736,0.38484502,3.52034033,3.11663726,4264.000000,inf,conduction,242.981381,271.449521,291.527904,350.305272,424.717600,557.138945,241.991398,270.339632,290.340440,348.930660,423.214650,555.851232
173.000276,128.13500965,128.21181659,0.46242008,0.45843259,0.46164076,0.41417996,2.98399613,1.87815869,4264.000000,inf,conduction,242.848305,271.299508,291.366273,350.111503,424.488214,556.866633,241.860339,270.191870,290.181204,348.739581,422.987999,555.580149
173.249984,128.25044133,128.33171646,0.46211414,0.45768519,0.46135537,0.48780020,2.47480521,0.69464136,4264.000000,inf,conduction,242.715779,271.150113,291.205307,349.918525,424.259747,556.595352,241.729820,270.044715,290.022620,348.549280,422.762254,555.310635
173.500260,128.36605937,128.45433044,0.46180811,0.45928374,0.46106990,0.64424872,2.03707421,-0.34774363,4264.000000,inf,conduction,242.583197,271.000654,291.044272,349.725457,424.031157,556.323863,241.599244,269.897495,289.863966,348.358888,422.536387,555.041053
173.749968,128.48133839,128.55681354,0.46150338,0.45930789,0.46078564,0.38378232,3.64233293,3.40935117,4264.000000,inf,conduction,242.451162,270.851811,290.883898,349.533176,423.803481,556.053401,241.469205,269.750880,289.705962,348.169269,422.311422,554.772048
174.000245,128.59680372,128.66949059,0.46119858,0.45784726,0.46050130,0.39799976,3.17205013,2.32484885,4264.000000,inf,conduction,242.319071,270.702904,290.723454,349.340804,423.575682,555.782731,241.339109,269.604199,289.547887,347.979560,422.086333,554.502561
174.249952,128.71193068,128.78781172,0.46089507,0.45655559,0.46021816,0.45331347,2.64389277,1.10300003,4264.000000,inf,conduction,242.187524,270.554609,290.563669,349.149214,423.348794,555.513084,241.209547,269.458120,289.390458,347.790620,421.862143,554.234442
174.500229,128.82724392,128.90929622,0.46059148,0.45704014,0.45993493,0.57062690,2.18229389,0.01715703,4264.000000,inf,conduction,242.055920,270.406250,290.403814,348.957534,423.121781,555.243229,241.079927,269.311975,289.232958,347.601588,421.637829,553.966498
174.749937,128.94221944,129.01925558,0.46028918,0.45717349,0.45965290,0.39646680,3.53147651,3.17364857,4264.000000,inf,conduction,241.924858,270.258501,290.244613,348.766633,422.895675,554.974393,240.950839,269.166429,289.076102,347.413323,421.414409,553.699329
175.000213,129.05738119,129.12667080,0.45998680,0.45787925,0.45937078,0.38665288,3.36387264,2.77348367,4264.000000,inf,conduction,241.793739,270.110686,290.085342,348.575641,422.669444,554.705350,240.821693,269.020817,288.919174,347.224966,421.190865,553.431551
175.249921,129.17220587,129.24304240,0.45968570,0.45627125,0.45908985,0.42606197,2.82699447,1.53474591,4264.000000,inf,conduction,241.663158,269.963478,289.926723,348.385424,422.444116,554.437321,240.693076,268.875800,288.762886,347.037371,420.968211,553.164855
175.500198,129.28721673,129.36325414,0.45938451,0.45532582,0.45880884,0.51449099,2.34071587,0.40706426,4264.000000,inf,conduction,241.532521,269.816205,289.768033,348.195115,422.218663,554.169084,240.564400,268.730717,288.606526,346.849684,420.745433,552.898406
175.749905,129.40189116,129.48534308,0.45908461,0.45663417,0.45852901,0.70504897,1.92674810,-0.57646662,4264.000000,inf,conduction,241.402419,269.669535,289.609992,348.005578,421.994108,553.901858,240.436251,268.586227,288.450804,346.662755,420.523540,552.632994
176.000182,129.51675173,129.58375818,0.45878461,0.45703946,0.45824909,0.38074086,3.53958354,3.19411725,4264.000000,inf,conduction,241.272260,269.522799,289.451879,347.815948,421.769428,553.634425,240.308044,268.441670,288.295009,346.475734,420.301523,552.366991
176.249890,129.63127651,129.69754320,0.45848589,0.45504243,0.45797035,0.40502415,3.02332602,2.00797871,4264.000000,inf,conduction,241.142635,269.376664,289.294412,347.627087,421.545642,553.367998,240.180360,268.297703,288.139848,346.289468,420.080388,552.101816
176.500166,129.74598739,129.81627576,0.45818708,0.45383469,0.45769152,0.47107895,2.51349206,0.82808379,4264.000000,inf,conduction,241.012952,269.230464,289.136873,347.438132,421.321731,553.101364,240.052618,268.153668,287.984614,346.103109,419.859127,551.836772
176.749874,129.86036310,129.93726663,0.45788954,0.45519159,0.45741386,0.60911197,2.07490094,-0.21362284,4264.000000,inf,conduction,240.883799,269.084860,288.979977,347.249943,421.098709,552.835733,239.925397,268.010221,287.830012,345.917502,419.638745,551.572990
177.000151,129.97492487,130.04162663,0.45759190,0.45551010,0.45713611,0.38304619,3.62600960,3.41344638,4264.000000,inf,conduction,240.754588,268.939191,288.823008,347.061660,420.875562,552.569894,239.798116,267.866707,287.675336,345.731800,419.418237,551.308767
177.249859,130.08915211,130.15151691,0.45729552,0.45436075,0.45685953,0.38969333,3.22896869,2.49691118,4264.000000,inf,conduction,240.625906,268.794116,288.666679,346.874138,420.653301,552.305055,239.671355,267.723776,287.521289,345.546848,419.198604,551.045223
177.500135,130.20356536,130.26845445,0.45699905,0.45245325,0.45658285,0.43741533,2.70147437,1.28347377,4264.000000,inf,conduction,240.497165,268.648974,288.510277,346.686522,420.430913,552.040008,239.544534,267.580778,287.367168,345.361801,418.978843,550.781582
177.749843,130.31764471,130.38821569,0.45670384,0.45272039,0.45630733,0.53902696,2.23677970,0.19280631,4264.000000,inf,conduction,240.368950,268.504425,288.354511,346.499664,420.209408,551.775956,239.418229,267.438361,287.213672,345.177499,418.759954,550.519296
178.000119,130.43191002,130.50384023,0.45640853,0.45361256,0.45603172,0.43043972,2.91688588,1.77476547,4264.000000,inf,conduction,240.240676,268.359808,288.198673,346.312712,419.987775,551.511696,239.291865,267.295876,287.060102,344.993102,418.540938,550.256792
178.249827,130.54584205,130.60530240,0.45611447,0.45433107,0.45575727,0.38017072,3.43121162,2.97062354,4264.000000,inf,conduction,240.112926,268.215781,288.043468,346.126513,419.767022,551.248429,239.166014,267.153970,286.907155,344.809447,418.322789,549.994952
178.500104,130.65996000,130.71991857,0.45582031,0.45208554,0.45548271,0.41163980,2.90461557,1.76305395,4264.000000,inf,conduction,239.985116,268.071685,287.888189,345.940220,419.546140,550.984953,239.040103,267.011995,286.754132,344.625696,418.104512,549.732790
178.749812,130.77374529,130.83826149,0.45552740,0.45098655,0.45520931,0.48649580,2.41374507,0.62633467,4264.000000,inf,conduction,239.857827,267.928177,287.733541,345.754678,419.326134,550.722466,238.914704,266.870596,286.601730,344.442685,417.887098,549.471906
179.000088,130.88771645,130.95917060,0.45523438,0.45293360,0.45493581,0.64418746,1.99175734,-0.38308243,4264.000000,inf,conduction,239.730478,267.784600,287.578819,345.569040,419.105999,550.459770,238.789244,266.729129,286.449252,344.259577,417.669557,549.211011
179.249796,131.00135557,131.05957693,0.45494261,0.45345391,0.45466346,0.37792233,3.58626716,3.34332617,4264.000000,inf,conduction,239.603648,267.641607,287.424725,345.384150,418.886736,550.198059,238.664293,266.588234,286.297392,344.077204,417.452875,548.950887
179.500073,131.11518052,131.17085892,0.45465073,0.45167981,0.45439101,0.39268859,3.12042960,2.27272045,4264.000000,inf,conduction,239.476757,267.498545,287.270555,345.199163,418.667344,549.936140,238.539282,266.447270,286.145455,343.894735,417.236065,548.690305
179.749780,131.22867404,131.28749694,0.45436008,0.44977750,0.45411969,0.44666037,2.60695277,1.09203543,4264.000000,inf,conduction,239.350383,267.356065,287.117011,345.014921,418.448820,549.675201,238.414777,266.306877,285.994133,343.712998,417.020111,548.430806
180.000057,131.34235333,131.40719284,0.45406934,0.45066089,0.45384828,0.55975573,2.15771433,0.03068146,4264.000000,inf,conduction,239.223949,267.213516,286.963392,344.830583,418.230166,549.414055,238.290211,266.166414,285.842735,343.531163,416.804028,548.171399
180.249765,131.45570182,131.51635181,0.45377982,0.45154648,0.45357800,0.39355875,3.44141683,3.02552724,4264.000000,inf,conduction,239.098027,267.071545,286.810395,344.646985,418.012376,549.153885,238.166149,266.026520,285.691948,343.350058,416.588797,547.912941
180.500041,131.56923603,131.62158801,0.45349019,0.45144600,0.45330761,0.38022809,3.33957535,2.78827032,4264.000000,inf,conduction,238.972046,266.929504,286.657322,344.463290,417.794457,548.893508,238.042026,265.886555,285.541084,343.168855,416.373437,547.654010
180.749749,131.68244003,131.73604956,0.45320179,0.44869148,0.45303836,0.41659101,2.81682077,1.59536175,4264.000000,inf,conduction,238.846575,266.788040,286.504869,344.280333,417.577398,548.634104,237.918404,265.747156,285.390829,342.988378,416.158925,547.395958
181.000026,131.79582971,131.85435072,0.45291328,0.44834684,0.45276900,0.49846054,2.33953265,0.48203172,4264.000000,inf,conduction,238.721043,266.646506,286.352340,344.097278,417.360209,548.374491,237.794721,265.607686,285.240497,342.807803,415.944284,547.137946
181.249733,131.90888980,131.97451869,0.45262598,0.45066256,0.45250077,0.67126375,1.93200730,-0.49764049,4264.000000,inf,conduction,238.596021,266.505544,286.200427,343.914958,417.143876,548.115849,237.671538,265.468779,285.090771,342.627949,415.730488,546.881058
181.500010,132.02213551,132.07270685,0.45233858,0.45136799,0.45223243,0.37510715,3.52957190,3.23385644,4264.000000,inf,conduction,238.470937,266.364513,286.048437,343.732540,416.927413,547.856998,237.548293,265.329801,284.940967,342.447998,415.516561,546.623791
181.749718,132.13505222,132.18410854,0.45205239,0.44934153,0.45196521,0.39458182,3.04163892,2.11434372,4264.000000,inf,conduction,238.346359,266.224052,285.897062,343.550852,416.711803,547.599114,237.425545,265.191383,284.791767,342.268766,415.303477,546.367277
181.999994,132.24815451,132.30073912,0.45176609,0.44684981,0.45169788,0.45304973,2.53861030,0.96467970,4264.000000,inf,conduction,238.221719,266.083521,285.745609,343.369067,416.496061,547.341021,237.302734,265.052895,284.642489,342.089435,415.090261,546.110642
182.250271,132.36118522,132.41997314,0.45148034,0.44858362,0.45143106,0.57422929,2.10201201,-0.07656064,4264.000000,inf,conduction,238.097302,265.943239,285.594424,343.187596,416.280680,547.083306,237.180140,264.914650,284.493473,341.910413,414.877400,545.854629
182.499979,132.47388783,132.52581158,0.45119579,0.44954957,0.45116535,0.38359565,3.52921876,3.25328474,4264.000000,inf,conduction,237.973387,265.803523,285.443848,343.006852,416.066146,546.826552,237.058040,264.776961,284.345055,341.732105,414.665375,545.599563
182.750255,132.58677594,132.63223702,0.45091113,0.44863713,0.45089953,0.37993253,3.27240611,2.66233721,4264.000000,inf,conduction,237.849410,265.663737,285.293195,342.826009,415.851481,546.569590,236.935878,264.639201,284.196560,341.553699,414.453219,545.344069
182.999963,132.69933655,132.74648891,0.45062766,0.44541603,0.45063481,0.41934226,2.75568108,1.48873895,4264.000000,inf,conduction,237.725933,265.524514,285.143149,342.645888,415.637659,546.313585,236.814207,264.501995,284.048660,341.376003,414.241895,545.089446
183.250240,132.81208260,132.86433220,0.45034408,0.44565211,0.45036999,0.50546265,2.28960429,0.39518237,4264.000000,inf,conduction,237.602394,265.385220,284.993025,342.465668,415.423706,546.057372,236.692473,264.364717,283.900682,341.198207,414.030440,544.834813
183.499947,132.92450175,132.98394352,0.45006169,0.44816326,0.45010626,0.68809375,1.89193497,-0.56359708,4264.000000,inf,conduction,237.479354,265.246487,284.843505,342.286168,415.210592,545.802113,236.571228,264.227990,283.753298,341.021119,413.819813,544.581272
183.750224,133.03710629,133.08050388,0.44977919,0.44900204,0.44984243,0.37299463,3.48325552,3.15179925,4264.000000,inf,conduction,237.356251,265.107683,284.693906,342.106568,414.997347,545.546645,236.449920,264.091190,283.605834,340.843932,413.609055,544.327392
183.999932,133.14938451,133.19179536,0.44949787,0.44678951,0.44957969,0.39494035,2.98943294,2.02057358,4264.000000,inf,conduction,237.233643,264.969437,284.544909,341.927684,414.784938,545.292128,236.329099,263.954940,283.458962,340.667448,413.399123,544.074277
184.250208,133.26184808,133.30797087,0.44921644,0.44465963,0.44931684,0.45563844,2.49553166,0.88824315,4264.000000,inf,conduction,237.110973,264.831120,284.395833,341.748701,414.572397,545.037402,236.208214,263.818617,283.312010,340.490865,413.189058,543.821011
184.499916,133.37398591,133.42636501,0.44893618,0.44606763,0.44905507,0.58034982,2.06871633,-0.12646950,4264.000000,inf,conduction,236.988796,264.693358,284.247356,341.570430,414.360688,544.783623,236.087814,263.682840,283.165646,340.314983,412.979815,543.568893
184.750193,133.48630903,133.53067738,0.44865581,0.44723091,0.44879320,0.37892814,3.53622465,3.29551007,4264.000000,inf,conduction,236.866556,264.555525,284.098800,341.392060,414.148847,544.529636,235.967351,263.546991,283.019203,340.139001,412.770439,543.316579
184.999900,133.59830700,133.63697975,0.44837661,0.44598507,0.44853241,0.37870461,3.23245511,2.59836612,4264.000000,inf,conduction,236.744808,264.418245,283.950840,341.214399,413.937835,544.276592,235.847370,263.411685,282.873345,339.963716,412.561882,543.065027
185.250177,133.71049021,133.75102780,0.44809730,0.44252862,0.44827151,0.41929415,2.72072931,1.43909093,4264.000000,inf,conduction,236.622996,264.280892,283.802800,341.036637,413.726691,544.023339,235.727324,263.276306,282.727408,339.788331,412.353192,542.813179
185.499885,133.82234885,133.86801764,0.44781915,0.44297399,0.44801168,0.50638517,2.26323973,0.36330279,4264.000000,inf,conduction,236.501673,264.144090,283.655354,340.859582,413.516372,543.771027,235.607760,263.141469,282.582053,339.613641,412.145318,542.562417
185.750161,133.93439266,133.98726006,0.44754089,0.44559733,0.44775174,0.69183675,1.87102486,-0.58395937,4264.000000,inf,conduction,236.380286,264.007216,283.507828,340.682426,413.305919,543.518506,235.488130,263.006558,282.436618,339.438850,411.937310,542.311583
185.999869,134.04611249,134.08265938,0.44726378,0.44658810,0.44749288,0.37092064,3.45627339,3.11553157,4264.000000,inf,conduction,236.259386,263.870890,283.360892,340.505974,413.096289,543.266922,235.368980,262.872186,282.291763,339.264751,411.730113,542.061592
186.250146,134.15801744,134.19371218,0.44698657,0.44430921,0.44723390,0.39337814,2.96396276,1.98858400,4264.000000,inf,conduction,236.138422,263.734491,283.213876,340.329420,412.886526,543.015128,235.249764,262.737740,282.146828,339.090551,411.522783,541.811234
186.499854,134.26959898,134.30900793,0.44671050,0.44199617,0.44697599,0.45383671,2.47728380,0.87519869,4264.000000,inf,conduction,236.017943,263.598638,283.067449,340.153567,412.677581,542.764269,235.131025,262.603831,282.002470,338.917040,411.316261,541.561826
186.750130,134.38136559,134.42700683,0.44643432,0.44352274,0.44671796,0.57807534,2.05476237,-0.13078404,4264.000000,inf,conduction,235.897400,263.462712,282.920941,339.977612,412.468502,542.513200,235.012220,262.469848,281.858032,338.743426,411.109606,541.312382
186.999838,134.49280936,134.53045716,0.44615928,0.44489237,0.44646100,0.37683778,3.51672869,3.27592503,4264.000000,inf,conduction,235.777339,263.327329,282.775018,339.802354,412.260239,542.263062,234.893890,262.336398,281.714168,338.570499,410.903755,541.063901
187.250114,134.60443813,134.63637535,0.44588413,0.44354001,0.44620392,0.37643695,3.21724894,2.59000857,4264.000000,inf,conduction,235.657213,263.191872,282.629014,339.626995,412.051841,542.012714,234.775495,262.202875,281.570224,338.397470,410.697770,540.815073
187.499822,134.71574464,134.74948763,0.44561011,0.44000805,0.44594789,0.41615241,2.71186885,1.44642758,4264.000000,inf,conduction,235.537568,263.056957,282.483594,339.452330,411.844256,541.763294,234.657571,262.069883,281.426852,338.225123,410.492586,540.567072
187.750099,134.82723611,134.86604193,0.44533598,0.44040971,0.44569176,0.50155541,2.25740787,0.37821520,4264.000000,inf,conduction,235.417857,262.921968,282.338092,339.277562,411.636536,541.513664,234.539582,261.936817,281.283399,338.052674,410.287269,540.318966
187.999807,134.93840587,134.98429846,0.44506299,0.44301617,0.44543667,0.68127916,1.86920440,-0.55946957,4264.000000,inf,conduction,235.298625,262.787517,282.193170,339.103486,411.429624,541.264959,234.422063,261.804280,281.140515,337.880906,410.082749,540.071911
188.250083,135.04976052,135.07971146,0.44478988,0.44414656,0.44518147,0.36873246,3.44815478,3.12372431,4264.000000,inf,conduction,235.179328,262.652992,282.048167,338.929307,411.222578,541.016043,234.304478,261.671668,280.997550,337.709034,409.878094,539.824600
188.499791,135.16079405,135.18969006,0.44451789,0.44191020,0.44492731,0.38977970,2.96546267,2.01881668,4264.000000,inf,conduction,235.060507,262.519004,281.903742,338.755816,411.016337,540.768049,234.187360,261.539583,280.855153,337.537840,409.674234,539.578066
188.750068,135.27201240,135.30448256,0.44424579,0.43927501,0.44467304,0.44807979,2.48088490,0.91393792,4264.000000,inf,conduction,234.941620,262.384940,281.759235,338.582223,410.809961,540.519844,234.070177,261.407423,280.712673,337.366542,409.470240,539.331311
188.999775,135.38291019,135.42146083,0.44397481,0.44083361,0.44441980,0.56680931,2.06121384,-0.08572992,4264.000000,inf,conduction,234.823208,262.251411,281.615302,338.409315,410.604387,540.272558,233.953460,261.275788,280.570758,337.195919,409.267036,539.085605
189.250052,135.49399275,135.52567402,0.44370372,0.44261175,0.44416645,0.37705469,3.47326154,3.19958650,4264.000000,inf,conduction,234.704730,262.117807,281.471289,338.236303,410.398677,540.025061,233.836676,261.144077,280.428762,337.025192,409.063698,538.839752
189.499760,135.60475530,135.63001911,0.44343374,0.44136367,0.44391414,0.37309428,3.22822667,2.63994542,4264.000000,inf,conduction,234.586723,261.984734,281.327847,338.063974,410.193766,539.778479,233.720356,261.012889,280.287327,336.855137,408.861148,538.594709
189.750036,135.71570257,135.74249927,0.44316364,0.43783446,0.44366170,0.41035747,2.72616279,1.50409586,4264.000000,inf,conduction,234.468651,261.851587,281.184323,337.891541,409.988719,539.531687,233.603969,260.881625,280.145810,336.684978,408.658462,538.349358
189.999744,135.82633038,135.85797685,0.44289465,0.43796589,0.44341030,0.49085394,2.27349091,0.44308120,4264.000000,inf,conduction,234.351048,261.718968,281.041369,337.719787,409.784467,539.285806,233.488044,260.750881,280.004853,336.515487,408.456561,538.104970
190.250021,135.93714286,135.97571249,0.44262555,0.44049164,0.44315878,0.65897168,1.88441332,-0.49575054,4264.000000,inf,conduction,234.233379,261.586274,280.898333,337.547930,409.580080,539.039716,233.372052,260.620061,279.863814,336.345893,408.254524,537.860497
190.499728,136.04763643,136.07131552,0.44235755,0.44184355,0.44290829,0.36662490,3.45779449,3.17194020,4264.000000,inf,conduction,234.116178,261.454107,280.755864,337.376749,409.376484,538.794533,233.256520,260.489759,279.723332,336.176964,408.053269,537.616918
190.750005,136.15831460,136.18036275,0.44208943,0.43917371,0.44265767,0.38455973,2.99091341,2.10886931,4264.000000,inf,conduction,233.998910,261.321865,280.613312,337.205464,409.172752,538.549140,233.140920,260.359380,279.582767,336.007930,407.851878,537.373018
191.000282,136.26892573,136.29424163,0.44182180,0.43642921,0.44240751,0.43863182,2.50701222,1.00679172,4264.000000,inf,conduction,233.881843,261.189847,280.471002,337.034464,408.969347,538.304096,233.025517,260.229222,279.442438,335.839176,407.650808,537.129420
191.249989,136.37921878,136.41037958,0.44155527,0.43800316,0.44215837,0.54850611,2.08606114,0.00395683,4264.000000,inf,conduction,233.765240,261.058352,280.329256,336.864136,408.766729,538.059954,232.910570,260.099579,279.302663,335.671084,407.450516,536.886819
191.500266,136.48969635,136.51650902,0.44128862,0.44052022,0.44190910,0.38206208,3.35674360,2.95015467,4264.000000,inf,conduction,233.648570,260.926782,280.187426,336.693704,408.563975,537.815603,232.795555,259.969858,279.162805,335.502887,407.250087,536.644090
191.749974,136.59985638,136.61856110,0.44102306,0.43950792,0.44166085,0.36908760,3.26152146,2.73854789,4264.000000,inf,conduction,233.532363,260.795733,280.046157,336.523941,408.362004,537.572152,232.680995,259.840650,279.023498,335.335349,407.050432,536.402197
192.000250,136.71020087,136.72992513,0.44075738,0.43605492,0.44141248,0.40223012,2.76444809,1.61353050,4264.000000,inf,conduction,233.416088,260.664607,279.904806,336.354072,408.159897,537.328490,232.566368,259.711365,278.884108,335.167705,406.850640,536.159996
192.249958,136.82022837,136.84447557,0.44049279,0.43561864,0.44116511,0.47576912,2.30953064,0.55358333,4264.000000,inf,conduction,233.300275,260.534000,279.764012,336.184871,407.958570,537.085726,232.452193,259.582590,278.745267,335.000717,406.651619,535.918701
192.500235,136.93044027,136.96134719,0.44022808,0.43792123,0.44091763,0.62704651,1.91747586,-0.38973127,4264.000000,inf,conduction,233.184393,260.403317,279.623136,336.015563,407.757106,536.842751,232.337951,259.453738,278.606341,334.833624,406.452461,535.677305
192.749942,137.04033571,137.05819492,0.43996444,0.43951687,0.44067115,0.36523084,3.47461507,3.23722770,4264.000000,inf,conduction,233.068971,260.273150,279.482815,335.846920,407.556420,536.600670,232.224159,259.325394,278.467963,334.667184,406.254070,535.436824
193.000219,137.15041549,137.16562066,0.43970069,0.43748082,0.44042455,0.37809164,3.04084806,2.24460593,4264.000000,inf,conduction,232.953481,260.142906,279.342411,335.678171,407.355596,536.358379,232.110299,259.196972,278.329500,334.500638,406.055542,535.196051
193.249927,137.26017937,137.27815550,0.43943801,0.43354327,0.44017894,0.42612834,2.55681591,1.15551085,4264.000000,inf,conduction,232.838447,260.013177,279.202560,335.510083,407.155546,536.116979,231.996888,259.069056,278.191582,334.334742,405.857778,534.956098
193.500203,137.37012752,137.39361642,0.43917521,0.43501331,0.43993322,0.52460510,2.13040395,0.14105135,4264.000000,inf,conduction,232.723346,259.883370,279.062625,335.341889,406.955359,535.875368,231.883409,258.941062,278.053579,334.168741,405.659877,534.715995
193.749911,137.47976029,137.50413234,0.43891348,0.43829838,0.43968848,0.41088739,2.84740710,1.78271992,4264.000000,inf,conduction,232.608700,259.754076,278.923242,335.174352,406.755943,535.634645,231.770376,258.813572,277.916119,334.003387,405.462737,534.476861
194.000188,137.58957728,137.60195568,0.43865162,0.43779128,0.43944363,0.36493036,3.31504523,2.88294995,4264.000000,inf,conduction,232.493985,259.624704,278.783774,335.006710,406.556389,535.393712,231.657275,258.686004,277.778573,333.837927,405.265460,534.237500
194.249895,137.69907943,137.71165945,0.43839084,0.43455619,0.43919976,0.39235540,2.82787266,1.77867972,4264.000000,inf,conduction,232.379723,259.495843,278.644856,334.839723,406.357603,535.153663,231.544619,258.558938,277.641568,333.673111,405.068940,533.998932
194.500172,137.80876573,137.82540359,0.43812992,0.43316240,0.43895577,0.45734209,2.36690520,0.71523701,4264.000000,inf,conduction,232.265393,259.366903,278.505852,334.672630,406.158680,534.913404,231.431894,258.431793,277.504477,333.508190,404.872283,533.760132
194.749880,137.91813773,137.94106341,0.43787007,0.43519009,0.43871277,0.58855348,1.96965473,-0.23717689,4264.000000,inf,conduction,232.151513,259.238472,278.367396,334.506189,405.960521,534.674027,231.319612,258.305147,277.367924,333.343910,404.676381,533.522288
195.000156,138.02769381,138.04053607,0.43761010,0.43726883,0.43846964,0.36601694,3.47376510,3.26027859,4264.000000,inf,conduction,232.037565,259.109963,278.228855,334.339641,405.762223,534.434439,231.207262,258.178423,277.231286,333.179524,404.480340,533.284290
195.249864,138.13693612,138.14540546,0.43735118,0.43549328,0.43822749,0.37098664,3.11531617,2.44104904,4264.000000,inf,conduction,231.924066,258.981959,278.090858,334.173743,405.564688,534.195730,231.095352,258.052197,277.095183,333.015777,404.285052,533.047115
195.500141,138.24636245,138.25689569,0.43709214,0.43160471,0.43798522,0.41190420,2.62874073,1.34545550,4264.000000,inf,conduction,231.810498,258.853877,277.952776,334.007738,405.367014,533.956810,230.983373,257.925891,276.958995,332.851923,404.089625,532.809659
195.749849,138.35547553,138.37104370,0.43683414,0.43221543,0.43774392,0.49697505,2.19582388,0.32534200,4264.000000,inf,conduction,231.697377,258.726298,277.815235,333.842381,405.170099,533.718766,230.871834,257.800081,276.823339,332.688706,403.894948,532.573089
196.000125,138.46477258,138.48729709,0.43657602,0.43507714,0.43750250,0.67498205,1.82366728,-0.57762567,4264.000000,inf,conduction,231.584187,258.598642,277.677610,333.676916,404.973045,533.480511,230.760225,257.674191,276.687598,332.525381,403.700131,532.336391
196.249833,138.57375690,138.58026782,0.43631895,0.43569474,0.43726205,0.36151356,3.38173373,3.06239788,4264.000000,inf,conduction,231.471442,258.471486,277.540524,333.512095,404.776747,533.243129,230.649054,257.548795,276.552387,332.362691,403.506061,532.100578
196.500109,138.68292512,138.68839632,0.43606175,0.43295520,0.43702147,0.38179801,2.91429245,1.99879211,4264.000000,inf,conduction,231.358628,258.344252,277.403353,333.347167,404.580310,533.005537,230.537813,257.423320,276.417091,332.199894,403.311852,531.864491
196.749817,138.79178114,138.80065091,0.43580559,0.42956301,0.43678186,0.43685248,2.44747366,0.94391305,4264.000000,inf,conduction,231.246257,258.217517,277.266719,333.182880,404.384625,532.768813,230.427007,257.298335,276.282323,332.037728,403.118386,531.629221
197.000094,138.90082099,138.91553015,0.43554931,0.43164367,0.43654212,0.54784337,2.04015900,-0.03264780,4264.000000,inf,conduction,231.133816,258.090703,277.130000,333.018486,404.188802,532.531880,230.316132,257.173272,276.147469,331.875454,402.924782,531.393787
197.249802,139.00954916,139.01906813,0.43529406,0.43536925,0.43630334,0.37415450,3.35108183,2.99427774,4264.000000,inf,conduction,231.021817,257.964387,276.993815,332.854731,403.993728,532.295813,230.205691,257.048696,276.013141,331.713809,402.731917,531.159280
197.500078,139.11846110,139.12047203,0.43503868,0.43407447,0.43606444,0.36423934,3.20919816,2.67659865,4264.000000,inf,conduction,230.909748,257.837991,276.857545,332.690868,403.798514,532.059535,230.095180,256.924042,275.878727,331.552056,402.538913,530.924552
197.749786,139.22706188,139.23012012,0.43478433,0.43187834,0.43582650,0.39677227,2.72566301,1.56926963,4264.000000,inf,conduction,230.798119,257.712090,276.721808,332.527641,403.604048,531.824121,229.985100,256.799874,275.744837,331.390930,402.346646,530.690615
198.000063,139.33584636,139.34333704,0.43452986,0.43148233,0.43558843,0.46827544,2.28163702,0.53436715,4264.000000,inf,conduction,230.686420,257.586110,276.585984,332.364307,403.409442,531.588497,229.874951,256.675627,275.610860,331.229695,402.154240,530.456451
198.249770,139.44432019,139.45829053,0.43427641,0.43109614,0.43535131,0.61295464,1.90004962,-0.35449738,4264.000000,inf,conduction,230.575158,257.460623,276.450691,332.201605,403.215580,531.353733,229.765231,256.551864,275.477406,331.069084,401.962568,530.223202
198.500047,139.55297767,139.55447859,0.43402284,0.43071627,0.43511406,0.36048522,3.43630313,3.24558011,4264.000000,inf,conduction,230.463827,257.335057,276.315311,332.038796,403.021578,531.118759,229.655442,256.428022,275.343864,330.908365,401.770757,529.989787
198.749755,139.66132500,139.65985780,0.43377028,0.43034614,0.43487776,0.37134274,3.02533072,2.28775642,4264.000000,inf,conduction,230.352931,257.209981,276.180460,331.876617,402.828316,530.884642,229.546080,256.304662,275.210842,330.748267,401.579677,529.757190
199.000031,139.76985592,139.77090796,0.43351760,0.42998240,0.43464134,0.41610235,2.55049420,1.18037752,4264.000000,inf,conduction,230.241965,257.084826,276.045522,331.714330,402.634915,530.650315,229.436649,256.181222,275.077733,330.588061,401.388457,529.524328
199.249739,139.87807720,139.88436739,0.43326594,0.42962834,0.43440586,0.50698676,2.13200803,0.20478775,4264.000000,inf,conduction,230.131433,256.960159,275.911111,331.552672,402.442252,530.416842,229.327643,256.058262,274.945142,330.428473,401.197965,529.292322
199.500016,139.98648200,139.99981895,0.43301414,0.42928073,0.43417024,0.69897931,1.77227910,-0.63334320,4264.000000,inf,conduction,230.020830,256.835413,275.776612,331.390904,402.249448,530.183160,229.218567,255.935223,274.812463,330.268776,401.007334,529.060169
199.749723,140.09457768,140.09070161,0.43276336,0.42894273,0.43393557,0.35894045,3.31599415,2.98373275,4264.000000,inf,conduction,229.910659,256.711153,275.642638,331.229763,402.057380,529.950328,229.109916,255.812662,274.680300,330.109695,400.817428,528.828881
200.000000,140.20285680,140.19855313,0.43251244,0.42828662,0.43370077,0.38209792,2.84607788,1.89112704,4264.000000,inf,conduction,229.800418,256.586813,275.508576,331.068512,401.865171,529.717287,229.001194,255.690020,274.548050,329.950506,400.627382,528.597340
